{
	"format_version": "1.21.6",
	"credit": "Made with Blockbench",
	"textures": {
		"0": "blincek:item/blincek_",
		"1": "blincek:item/blincek_2",
		"2": "blincek:item/blincek_3",
		"particle": "blincek:item/blincek_"
	},
	"elements": [
		{
			"from": [7.9, 4.7, 2.6],
			"to": [8.4, 5.2, 8.1],
			"rotation": {"angle": 45, "axis": "z", "origin": [7.7, 4.5, 6.1]},
			"faces": {
				"north": {"uv": [13, 6, 13.5, 6.5], "texture": "#0"},
				"east": {"uv": [3, 8, 8.5, 8.5], "texture": "#0"},
				"south": {"uv": [13, 7, 13.5, 7.5], "texture": "#0"},
				"west": {"uv": [9, 2, 14.5, 2.5], "texture": "#0"},
				"up": {"uv": [3.5, 14.5, 3, 9], "texture": "#0"},
				"down": {"uv": [9.5, 3, 9, 8.5], "texture": "#0"}
			}
		},
		{
			"from": [7.2, 1.6, 12.7],
			"to": [8.2, 1.9, 14.5],
			"rotation": {"angle": -26, "axis": "x", "origin": [7, 1.6, 12.7]},
			"faces": {
				"north": {"uv": [12, 11, 13.5, 11.25], "texture": "#0"},
				"east": {"uv": [12, 10, 13.75, 10.25], "texture": "#0"},
				"south": {"uv": [0, 13, 1.5, 13.25], "texture": "#0"},
				"west": {"uv": [11, 12, 12.75, 12.25], "texture": "#0"},
				"up": {"uv": [5.5, 10.75, 4, 9], "texture": "#0"},
				"down": {"uv": [7.5, 9, 6, 10.75], "texture": "#0"}
			}
		},
		{
			"from": [7.3, 1.8, 12.9],
			"to": [8.1, 5.3, 14.3],
			"rotation": {"angle": -26, "axis": "x", "origin": [7, 1.8, 12.6]},
			"faces": {
				"north": {"uv": [6, 0, 7.25, 3.5], "texture": "#0"},
				"east": {"uv": [2, 4, 3.5, 7.5], "texture": "#0"},
				"south": {"uv": [6, 4, 7.25, 7.5], "texture": "#0"},
				"west": {"uv": [4, 4, 5.5, 7.5], "texture": "#0"},
				"up": {"uv": [9.25, 10.5, 8, 9], "texture": "#0"},
				"down": {"uv": [1.25, 10, 0, 11.5], "texture": "#0"}
			}
		},
		{
			"from": [7.3, 4.04795, 8.14011],
			"to": [8.1, 4.54795, 9.74011],
			"rotation": {"angle": -0.5, "axis": "x", "origin": [7, 4.5, 11.1]},
			"faces": {
				"north": {"uv": [13, 3, 13.75, 3.5], "texture": "#0"},
				"east": {"uv": [10, 11, 11.5, 11.5], "texture": "#0"},
				"south": {"uv": [4, 13, 4.75, 13.5], "texture": "#0"},
				"west": {"uv": [0, 12, 1.5, 12.5], "texture": "#0"},
				"up": {"uv": [6.75, 12.5, 6, 11], "texture": "#0"},
				"down": {"uv": [7.75, 11, 7, 12.5], "texture": "#0"}
			}
		},
		{
			"from": [7.4, 0.6, 14.5],
			"to": [8, 2.2, 15.7],
			"rotation": {"angle": -26, "axis": "x", "origin": [7, -1.3, 14.1]},
			"faces": {
				"north": {"uv": [11, 7, 11.75, 8.5], "texture": "#0"},
				"east": {"uv": [10, 3, 11.25, 4.5], "texture": "#0"},
				"south": {"uv": [8, 11, 8.75, 12.5], "texture": "#0"},
				"west": {"uv": [10, 5, 11.25, 6.5], "texture": "#0"},
				"up": {"uv": [9.75, 12.25, 9, 11], "texture": "#0"},
				"down": {"uv": [11.75, 9, 11, 10.25], "texture": "#0"}
			}
		},
		{
			"from": [7.3, 0.4, 14.5],
			"to": [8.1, 0.7, 15.9],
			"rotation": {"angle": -26, "axis": "x", "origin": [7, -1.5, 14.2]},
			"faces": {
				"north": {"uv": [9, 13, 10, 13.25], "texture": "#0"},
				"east": {"uv": [13, 5, 14.5, 5.25], "texture": "#0"},
				"south": {"uv": [13, 9, 14, 9.25], "texture": "#0"},
				"west": {"uv": [6, 13, 7.5, 13.25], "texture": "#0"},
				"up": {"uv": [11, 8.5, 10, 7], "texture": "#0"},
				"down": {"uv": [11, 9, 10, 10.5], "texture": "#0"}
			}
		},
		{
			"from": [7.8, 4.6, 1.8],
			"to": [8.5, 5.3, 7.3],
			"rotation": {"angle": 44, "axis": "z", "origin": [7.7, 4.5, 5.3]},
			"faces": {
				"north": {"uv": [12, 5, 12.75, 5.75], "texture": "#0"},
				"east": {"uv": [8, 0, 13.5, 0.75], "texture": "#0"},
				"south": {"uv": [12, 6, 12.75, 6.75], "texture": "#0"},
				"west": {"uv": [8, 1, 13.5, 1.75], "texture": "#0"},
				"up": {"uv": [2.75, 13.5, 2, 8], "texture": "#0"},
				"down": {"uv": [8.75, 2, 8, 7.5], "texture": "#0"}
			}
		},
		{
			"from": [7.2, 4.44795, 7.84011],
			"to": [8.2, 5.74795, 13.24011],
			"rotation": {"angle": -0.5, "axis": "x", "origin": [7, 4.9, 10.8]},
			"faces": {
				"north": {"uv": [4, 11, 5, 12.25], "texture": "#0"},
				"east": {"uv": [0, 0, 5.5, 1.25], "texture": "#0"},
				"south": {"uv": [5, 11, 6, 12.25], "texture": "#0"},
				"west": {"uv": [0, 2, 5.5, 3.25], "texture": "#0"},
				"up": {"uv": [1, 9.5, 0, 4], "texture": "#0"},
				"down": {"uv": [2, 4, 1, 9.5], "texture": "#0"}
			}
		},
		{
			"from": [7.6, 5.7, 13],
			"to": [7.8, 5.9, 13.1],
			"rotation": {"angle": 0, "axis": "y", "origin": [7.7, 5.7, 11.1]},
			"faces": {
				"north": {"uv": [0, 0, 0.5, 0.5], "texture": "#1"},
				"east": {"uv": [0, 2, 0.5, 2.5], "texture": "#1"},
				"south": {"uv": [2, 0, 2.5, 0.5], "texture": "#1"},
				"west": {"uv": [2, 2, 2.5, 2.5], "texture": "#1"},
				"up": {"uv": [0.5, 4.5, 0, 4], "texture": "#1"},
				"down": {"uv": [4.5, 0, 4, 0.5], "texture": "#1"}
			}
		},
		{
			"from": [7.9, 5.7, 8],
			"to": [8, 5.9, 8.1],
			"rotation": {"angle": 0, "axis": "y", "origin": [7.9, 5.7, 6.1]},
			"faces": {
				"north": {"uv": [2, 4, 2.5, 4.5], "texture": "#1"},
				"east": {"uv": [4, 2, 4.5, 2.5], "texture": "#1"},
				"south": {"uv": [4, 4, 4.5, 4.5], "texture": "#1"},
				"west": {"uv": [0, 6, 0.5, 6.5], "texture": "#1"},
				"up": {"uv": [6.5, 0.5, 6, 0], "texture": "#1"},
				"down": {"uv": [2.5, 6, 2, 6.5], "texture": "#1"}
			}
		},
		{
			"from": [7.4, 5.7, 8],
			"to": [7.5, 5.9, 8.1],
			"rotation": {"angle": 0, "axis": "y", "origin": [7.4, 5.7, 6.1]},
			"faces": {
				"north": {"uv": [6, 2, 6.5, 2.5], "texture": "#1"},
				"east": {"uv": [4, 6, 4.5, 6.5], "texture": "#1"},
				"south": {"uv": [6, 4, 6.5, 4.5], "texture": "#1"},
				"west": {"uv": [6, 6, 6.5, 6.5], "texture": "#1"},
				"up": {"uv": [0.5, 8.5, 0, 8], "texture": "#1"},
				"down": {"uv": [8.5, 0, 8, 0.5], "texture": "#1"}
			}
		},
		{
			"from": [7.6, 4.2, 1.5],
			"to": [7.8, 4.2, 8.6],
			"rotation": {"angle": 0, "axis": "z", "origin": [8.2, 2.2, 1.6]},
			"faces": {
				"north": {"uv": [0, 0, 0.25, 0], "texture": "#2"},
				"east": {"uv": [0, 0, 7, 0], "texture": "#2"},
				"south": {"uv": [0, 0, 0.25, 0], "texture": "#2"},
				"west": {"uv": [0, 0, 7, 0], "texture": "#2"},
				"up": {"uv": [0.25, 7, 0, 0], "texture": "#2"},
				"down": {"uv": [1.25, 0, 1, 7], "texture": "#2"}
			}
		},
		{
			"from": [7.7, 4.1, 1.5],
			"to": [7.7, 4.3, 8.6],
			"rotation": {"angle": 0, "axis": "y", "origin": [5.7, 3.7, 1.6]},
			"faces": {
				"north": {"uv": [0, 0, 0, 0.25], "texture": "#2"},
				"east": {"uv": [2, 0, 9, 0.25], "texture": "#2"},
				"south": {"uv": [0, 0, 0, 0.25], "texture": "#2"},
				"west": {"uv": [2, 1, 9, 1.25], "texture": "#2"},
				"up": {"uv": [0, 7, 0, 0], "texture": "#2"},
				"down": {"uv": [0, 0, 0, 7], "texture": "#2"}
			}
		}
	],
	"display": {
		"thirdperson_righthand": {
			"translation": [0.25, 4.5, -4.5]
		},
		"thirdperson_lefthand": {
			"translation": [0, 4.5, -4.5]
		},
		"firstperson_righthand": {
			"rotation": [0.08, -10, -0.49],
			"translation": [1.5, 6.25, 0]
		},
		"firstperson_lefthand": {
			"rotation": [0, -10, 0],
			"translation": [1, 6.25, 0]
		},
		"ground": {
			"rotation": [-3.93, -0.07, 90.32],
			"translation": [-3.75, -2.75, -2]
		},
		"gui": {
			"rotation": [91.59, -51.21, 91.24],
			"translation": [-2.5, 5.5, 0],
			"scale": [1, 1.36133, 1.27539]
		},
		"fixed": {
			"rotation": [91.59, -51.21, 91.24],
			"translation": [-2.5, 5.5, 0],
			"scale": [1, 1.36133, 1.27539]
		}
	},
	"groups": [
		{
			"name": "group",
			"origin": [8, 8, 8],
			"color": 0,
			"children": [0, 1, 2, 3, 4, 5, 6, 7]
		},
		{
			"name": "group",
			"origin": [7.9, 5.7, 6.1],
			"color": 0,
			"children": [8, 9, 10]
		},
		{
			"name": "group",
			"origin": [8, 8, 8],
			"color": 0,
			"children": [11, 12]
		}
	]
}