{
	"format_version": "1.21.6",
	"credit": "Made with Blockbench",
	"textures": {
		"0": "blincek:item/mr_grantt",
		"particle": "blincek:item/mr_grantt"
	},
	"elements": [
		{
			"from": [7.2, 4.8, 13],
			"to": [8.8, 6.5, 16],
			"rotation": {"angle": 0, "axis": "y", "origin": [7, 4.7, 14]},
			"faces": {
				"north": {"uv": [9, 7.5, 9.75, 8.375], "texture": "#0"},
				"east": {"uv": [7, 4, 8.5, 4.875], "texture": "#0"},
				"south": {"uv": [9, 8.5, 9.75, 9.375], "texture": "#0"},
				"west": {"uv": [7, 6.5, 8.5, 7.375], "texture": "#0"},
				"up": {"uv": [5.25, 9.5, 4.5, 8], "texture": "#0"},
				"down": {"uv": [8.75, 5, 8, 6.5], "texture": "#0"}
			}
		},
		{
			"from": [6.9, 2, 19.1],
			"to": [9.1, 6.8, 21.1],
			"rotation": {"angle": 0, "axis": "y", "origin": [7, 2, 19.1]},
			"faces": {
				"north": {"uv": [0, 4, 1.125, 6.375], "texture": "#0"},
				"east": {"uv": [1, 6.5, 2, 8.875], "texture": "#0"},
				"south": {"uv": [4.5, 3, 5.625, 5.375], "texture": "#0"},
				"west": {"uv": [5.5, 6.5, 6.5, 8.875], "texture": "#0"},
				"up": {"uv": [9.625, 5, 8.5, 4], "texture": "#0"},
				"down": {"uv": [9.625, 6.5, 8.5, 7.5], "texture": "#0"}
			}
		},
		{
			"from": [7, 3.1, 14.5],
			"to": [9, 5.5, 19.5],
			"rotation": {"angle": 32.5, "axis": "x", "origin": [7, 3.1, 17.5]},
			"faces": {
				"north": {"uv": [2.5, 7.5, 3.5, 8.75], "texture": "#0"},
				"east": {"uv": [2.5, 0, 5, 1.25], "texture": "#0"},
				"south": {"uv": [3.5, 7.5, 4.5, 8.75], "texture": "#0"},
				"west": {"uv": [2.5, 1.5, 5, 2.75], "texture": "#0"},
				"up": {"uv": [2.5, 6.5, 1.5, 4], "texture": "#0"},
				"down": {"uv": [5.5, 5.5, 4.5, 8], "texture": "#0"}
			}
		},
		{
			"from": [7.1, 4.7, 14.9],
			"to": [8.9, 6.7, 19.9],
			"rotation": {"angle": 0.5, "axis": "x", "origin": [7, 5, 17.9]},
			"faces": {
				"north": {"uv": [0, 9, 1, 10], "texture": "#0"},
				"east": {"uv": [5, 2, 7.5, 3], "texture": "#0"},
				"south": {"uv": [1, 9, 2, 10], "texture": "#0"},
				"west": {"uv": [5.5, 5.5, 8, 6.5], "texture": "#0"},
				"up": {"uv": [7, 5.5, 6, 3], "texture": "#0"},
				"down": {"uv": [1, 6.5, 0, 9], "texture": "#0"}
			}
		},
		{
			"from": [7.2, 5, 12.1],
			"to": [8.8, 6.2, 13],
			"rotation": {"angle": 34, "axis": "x", "origin": [7, 4.9, 12.7]},
			"faces": {
				"north": {"uv": [10, 6, 10.75, 6.625], "texture": "#0"},
				"east": {"uv": [9.5, 10.5, 10, 11.125], "texture": "#0"},
				"south": {"uv": [10, 7, 10.75, 7.625], "texture": "#0"},
				"west": {"uv": [3, 11, 3.5, 11.625], "texture": "#0"},
				"up": {"uv": [7.75, 5.5, 7, 5], "texture": "#0"},
				"down": {"uv": [11.75, 6, 11, 6.5], "texture": "#0"}
			}
		},
		{
			"from": [7.2, 5.3, 12.2],
			"to": [8.8, 6.5, 13.8],
			"rotation": {"angle": -1, "axis": "y", "origin": [7, 6, 12.4]},
			"faces": {
				"north": {"uv": [10, 8, 10.75, 8.625], "texture": "#0"},
				"east": {"uv": [10, 9, 10.75, 9.625], "texture": "#0"},
				"south": {"uv": [10, 10, 10.75, 10.625], "texture": "#0"},
				"west": {"uv": [3.5, 10.5, 4.25, 11.125], "texture": "#0"},
				"up": {"uv": [5.25, 10.25, 4.5, 9.5], "texture": "#0"},
				"down": {"uv": [10.25, 5, 9.5, 5.75], "texture": "#0"}
			}
		},
		{
			"from": [8, 5.2, 7.7],
			"to": [8, 7, 10.4],
			"rotation": {"angle": 0, "axis": "y", "origin": [6, 5, 8.4]},
			"faces": {
				"north": {"uv": [0, 0, 0, 0.875], "texture": "#0"},
				"east": {"uv": [7.5, 2, 8.875, 2.875], "texture": "#0"},
				"south": {"uv": [0, 0, 0, 0.875], "texture": "#0"},
				"west": {"uv": [7, 7.5, 8.375, 8.375], "texture": "#0"},
				"up": {"uv": [0, 1.375, 0, 0], "texture": "#0"},
				"down": {"uv": [0, 0, 0, 1.375], "texture": "#0"}
			}
		},
		{
			"from": [5.9, 2.9, 7],
			"to": [10.1, 7, 8],
			"rotation": {"angle": 0, "axis": "y", "origin": [7, 5, 7]},
			"faces": {
				"north": {"uv": [0, 0, 2.125, 2], "texture": "#0"},
				"east": {"uv": [2.5, 9, 3, 11], "texture": "#0"},
				"south": {"uv": [0, 2, 2.125, 4], "texture": "#0"},
				"west": {"uv": [3, 9, 3.5, 11], "texture": "#0"},
				"up": {"uv": [11.125, 2.5, 9, 2], "texture": "#0"},
				"down": {"uv": [11.125, 2.5, 9, 3], "texture": "#0"}
			}
		},
		{
			"from": [7.5, 2.4, 10.3],
			"to": [8.5, 7, 11.4],
			"rotation": {"angle": -25.5, "axis": "x", "origin": [6.8, 5, 9.4]},
			"faces": {
				"north": {"uv": [7, 8.5, 7.5, 10.75], "texture": "#0"},
				"east": {"uv": [7.5, 8.5, 8, 10.75], "texture": "#0"},
				"south": {"uv": [8.5, 7.5, 9, 9.75], "texture": "#0"},
				"west": {"uv": [8, 8.5, 8.5, 10.75], "texture": "#0"},
				"up": {"uv": [10, 2, 9.5, 1.5], "texture": "#0"},
				"down": {"uv": [10, 6, 9.5, 6.5], "texture": "#0"}
			}
		},
		{
			"from": [7.4, 2.4, 12.1],
			"to": [8.6, 3, 13.4],
			"rotation": {"angle": -26.5, "axis": "x", "origin": [6.8, 1, 11.3]},
			"faces": {
				"north": {"uv": [11.5, 3, 12.125, 3.25], "texture": "#0"},
				"east": {"uv": [3.5, 11.5, 4.125, 11.75], "texture": "#0"},
				"south": {"uv": [11.5, 3.5, 12.125, 3.75], "texture": "#0"},
				"west": {"uv": [4.5, 11.5, 5.125, 11.75], "texture": "#0"},
				"up": {"uv": [1.625, 11.625, 1, 11], "texture": "#0"},
				"down": {"uv": [11.625, 1, 11, 1.625], "texture": "#0"}
			}
		},
		{
			"from": [7.6, 3.7, 10.4],
			"to": [8.4, 4.2, 11],
			"rotation": {"angle": 13.5, "axis": "x", "origin": [6.9, 2.9, 12.4]},
			"faces": {
				"north": {"uv": [0.5, 12, 0.875, 12.25], "texture": "#0"},
				"east": {"uv": [7.5, 12, 7.75, 12.25], "texture": "#0"},
				"south": {"uv": [12, 0.5, 12.375, 0.75], "texture": "#0"},
				"west": {"uv": [12, 7.5, 12.25, 7.75], "texture": "#0"},
				"up": {"uv": [1.375, 12.25, 1, 12], "texture": "#0"},
				"down": {"uv": [12.375, 1, 12, 1.25], "texture": "#0"}
			}
		},
		{
			"from": [7.6, 3.2, 10.6],
			"to": [8.4, 3.7, 11.2],
			"rotation": {"angle": 13.5, "axis": "x", "origin": [6.9, 2.4, 12.6]},
			"faces": {
				"north": {"uv": [1.5, 12, 1.875, 12.25], "texture": "#0"},
				"east": {"uv": [8, 12, 8.25, 12.25], "texture": "#0"},
				"south": {"uv": [12, 1.5, 12.375, 1.75], "texture": "#0"},
				"west": {"uv": [12, 8, 12.25, 8.25], "texture": "#0"},
				"up": {"uv": [2.375, 12.25, 2, 12], "texture": "#0"},
				"down": {"uv": [2.875, 12, 2.5, 12.25], "texture": "#0"}
			}
		},
		{
			"from": [7.2, 6.5, 5.7],
			"to": [8.8, 7.7, 14],
			"rotation": {"angle": 0.5, "axis": "x", "origin": [7, 6.8, 12]},
			"faces": {
				"north": {"uv": [4.5, 10.5, 5.25, 11.125], "texture": "#0"},
				"east": {"uv": [5, 0, 9.125, 0.625], "texture": "#0"},
				"south": {"uv": [10.5, 5, 11.25, 5.625], "texture": "#0"},
				"west": {"uv": [5, 1, 9.125, 1.625], "texture": "#0"},
				"up": {"uv": [3.25, 7.125, 2.5, 3], "texture": "#0"},
				"down": {"uv": [4.25, 3, 3.5, 7.125], "texture": "#0"}
			}
		},
		{
			"from": [7.5, 5.6, 5.8],
			"to": [8.5, 6, 6.2],
			"rotation": {"angle": -20.5, "axis": "x", "origin": [6.8, 4.1, 4.2]},
			"faces": {
				"north": {"uv": [11.5, 7, 12, 7.25], "texture": "#0"},
				"east": {"uv": [8.5, 12, 8.75, 12.25], "texture": "#0"},
				"south": {"uv": [7.5, 11.5, 8, 11.75], "texture": "#0"},
				"west": {"uv": [12, 8.5, 12.25, 8.75], "texture": "#0"},
				"up": {"uv": [12, 7.75, 11.5, 7.5], "texture": "#0"},
				"down": {"uv": [8.5, 11.5, 8, 11.75], "texture": "#0"}
			}
		},
		{
			"from": [7.5, 6.8, 0.7],
			"to": [8.5, 7.6, 9],
			"rotation": {"angle": 0.5, "axis": "x", "origin": [7, 6.8, 7]},
			"faces": {
				"north": {"uv": [8, 11, 8.5, 11.375], "texture": "#0"},
				"east": {"uv": [7, 3, 11.125, 3.375], "texture": "#0"},
				"south": {"uv": [11, 9, 11.5, 9.375], "texture": "#0"},
				"west": {"uv": [7, 3.5, 11.125, 3.875], "texture": "#0"},
				"up": {"uv": [2.5, 10.625, 2, 6.5], "texture": "#0"},
				"down": {"uv": [7, 6.5, 6.5, 10.625], "texture": "#0"}
			}
		},
		{
			"from": [7.5, 6.1, 3.1],
			"to": [8.5, 6.6, 4.1],
			"rotation": {"angle": -0.5, "axis": "x", "origin": [6.8, 4.6, 2.1]},
			"faces": {
				"north": {"uv": [8.5, 11.5, 9, 11.75], "texture": "#0"},
				"east": {"uv": [9, 11.5, 9.5, 11.75], "texture": "#0"},
				"south": {"uv": [11.5, 9, 12, 9.25], "texture": "#0"},
				"west": {"uv": [9.5, 11.5, 10, 11.75], "texture": "#0"},
				"up": {"uv": [9, 10.5, 8.5, 10], "texture": "#0"},
				"down": {"uv": [11.5, 7, 11, 7.5], "texture": "#0"}
			}
		},
		{
			"from": [7.5, 6.1, 5.3],
			"to": [8.5, 6.6, 5.7],
			"rotation": {"angle": -0.5, "axis": "x", "origin": [6.8, 4.6, 3.7]},
			"faces": {
				"north": {"uv": [11.5, 9.5, 12, 9.75], "texture": "#0"},
				"east": {"uv": [9, 12, 9.25, 12.25], "texture": "#0"},
				"south": {"uv": [11.5, 10, 12, 10.25], "texture": "#0"},
				"west": {"uv": [12, 9, 12.25, 9.25], "texture": "#0"},
				"up": {"uv": [11, 11.75, 10.5, 11.5], "texture": "#0"},
				"down": {"uv": [11.5, 11.5, 11, 11.75], "texture": "#0"}
			}
		},
		{
			"from": [7.5, 3, 4],
			"to": [8.5, 5.9, 5],
			"rotation": {"angle": -25.5, "axis": "x", "origin": [6.8, 3.9, 3]},
			"faces": {
				"north": {"uv": [3.5, 9, 4, 10.5], "texture": "#0"},
				"east": {"uv": [4, 9, 4.5, 10.5], "texture": "#0"},
				"south": {"uv": [9, 5, 9.5, 6.5], "texture": "#0"},
				"west": {"uv": [5.5, 9, 6, 10.5], "texture": "#0"},
				"up": {"uv": [8, 11.5, 7.5, 11], "texture": "#0"},
				"down": {"uv": [11.5, 7.5, 11, 8], "texture": "#0"}
			}
		},
		{
			"from": [7.4, 7.2, 12],
			"to": [8.6, 8, 13.8],
			"rotation": {"angle": 0.5, "axis": "x", "origin": [7, 7.5, 12]},
			"faces": {
				"north": {"uv": [11, 8, 11.625, 8.375], "texture": "#0"},
				"east": {"uv": [6.5, 11, 7.375, 11.375], "texture": "#0"},
				"south": {"uv": [11, 8.5, 11.625, 8.875], "texture": "#0"},
				"west": {"uv": [11, 6.5, 11.875, 6.875], "texture": "#0"},
				"up": {"uv": [10.625, 1.875, 10, 1], "texture": "#0"},
				"down": {"uv": [10.625, 4, 10, 4.875], "texture": "#0"}
			}
		},
		{
			"from": [7.3, 6.6, -0.6],
			"to": [8.7, 7.8, 0.9],
			"rotation": {"angle": 0.5, "axis": "x", "origin": [7, 6.8, 6.7]},
			"faces": {
				"north": {"uv": [5.5, 10.5, 6.25, 11.125], "texture": "#0"},
				"east": {"uv": [8.5, 10.5, 9.25, 11.125], "texture": "#0"},
				"south": {"uv": [0, 11, 0.75, 11.625], "texture": "#0"},
				"west": {"uv": [11, 0, 11.75, 0.625], "texture": "#0"},
				"up": {"uv": [9.75, 10.25, 9, 9.5], "texture": "#0"},
				"down": {"uv": [0.75, 10, 0, 10.75], "texture": "#0"}
			}
		},
		{
			"from": [7.6, 6.4, 3.9],
			"to": [8.4, 6.9, 4],
			"rotation": {"angle": -0.5, "axis": "x", "origin": [6.8, 4.9, 2]},
			"faces": {
				"north": {"uv": [3, 12, 3.375, 12.25], "texture": "#0"},
				"east": {"uv": [12, 12, 12.125, 12.25], "texture": "#0"},
				"south": {"uv": [3.5, 12, 3.875, 12.25], "texture": "#0"},
				"west": {"uv": [0, 12.5, 0.125, 12.75], "texture": "#0"},
				"up": {"uv": [11.375, 12.125, 11, 12], "texture": "#0"},
				"down": {"uv": [12.375, 11, 12, 11.125], "texture": "#0"}
			}
		},
		{
			"from": [7.6, 6.4, 3.2],
			"to": [8.4, 6.9, 3.3],
			"rotation": {"angle": -0.5, "axis": "x", "origin": [6.8, 4.9, 1.3]},
			"faces": {
				"north": {"uv": [4, 12, 4.375, 12.25], "texture": "#0"},
				"east": {"uv": [12.5, 0, 12.625, 0.25], "texture": "#0"},
				"south": {"uv": [12, 4, 12.375, 4.25], "texture": "#0"},
				"west": {"uv": [0.5, 12.5, 0.625, 12.75], "texture": "#0"},
				"up": {"uv": [11.875, 12.125, 11.5, 12], "texture": "#0"},
				"down": {"uv": [12.375, 11.5, 12, 11.625], "texture": "#0"}
			}
		},
		{
			"from": [7.5, 6.7, 2.4],
			"to": [8.5, 7.2, 3],
			"rotation": {"angle": 24.5, "axis": "x", "origin": [6.8, 5.5, 1.4]},
			"faces": {
				"north": {"uv": [11.5, 11, 12, 11.25], "texture": "#0"},
				"east": {"uv": [9.5, 12, 9.75, 12.25], "texture": "#0"},
				"south": {"uv": [11.5, 11.5, 12, 11.75], "texture": "#0"},
				"west": {"uv": [12, 9.5, 12.25, 9.75], "texture": "#0"},
				"up": {"uv": [0.5, 12.25, 0, 12], "texture": "#0"},
				"down": {"uv": [12.5, 0, 12, 0.25], "texture": "#0"}
			}
		},
		{
			"from": [7.2, 6.5, 0.9],
			"to": [8.8, 7.9, 1.3],
			"rotation": {"angle": 0.5, "axis": "x", "origin": [7, 6.8, 8.2]},
			"faces": {
				"north": {"uv": [10, 0, 10.75, 0.75], "texture": "#0"},
				"east": {"uv": [11, 9.5, 11.25, 10.25], "texture": "#0"},
				"south": {"uv": [1, 10, 1.75, 10.75], "texture": "#0"},
				"west": {"uv": [10, 11, 10.25, 11.75], "texture": "#0"},
				"up": {"uv": [11.25, 11.25, 10.5, 11], "texture": "#0"},
				"down": {"uv": [11.75, 10.5, 11, 10.75], "texture": "#0"}
			}
		},
		{
			"from": [7.4, 2.8, 5],
			"to": [8.6, 3.4, 6.3],
			"rotation": {"angle": -26.5, "axis": "x", "origin": [6.8, 1.4, 4.2]},
			"faces": {
				"north": {"uv": [11.5, 5, 12.125, 5.25], "texture": "#0"},
				"east": {"uv": [5.5, 11.5, 6.125, 11.75], "texture": "#0"},
				"south": {"uv": [11.5, 5.5, 12.125, 5.75], "texture": "#0"},
				"west": {"uv": [6.5, 11.5, 7.125, 11.75], "texture": "#0"},
				"up": {"uv": [2.625, 11.625, 2, 11], "texture": "#0"},
				"down": {"uv": [11.625, 4, 11, 4.625], "texture": "#0"}
			}
		},
		{
			"from": [7.6, 3.6, 3.6],
			"to": [8.4, 4.1, 4.2],
			"rotation": {"angle": 13.5, "axis": "x", "origin": [6.9, 2.8, 5.6]},
			"faces": {
				"north": {"uv": [4.5, 12, 4.875, 12.25], "texture": "#0"},
				"east": {"uv": [10, 12, 10.25, 12.25], "texture": "#0"},
				"south": {"uv": [12, 4.5, 12.375, 4.75], "texture": "#0"},
				"west": {"uv": [12, 10, 12.25, 10.25], "texture": "#0"},
				"up": {"uv": [5.375, 12.25, 5, 12], "texture": "#0"},
				"down": {"uv": [5.875, 12, 5.5, 12.25], "texture": "#0"}
			}
		},
		{
			"from": [7.5, 6.4, 3.1],
			"to": [8.5, 6.6, 5.7],
			"rotation": {"angle": 0, "axis": "y", "origin": [7, 4.6, 3.7]},
			"faces": {
				"north": {"uv": [7, 12, 7.5, 12.125], "texture": "#0"},
				"east": {"uv": [11.5, 2, 12.75, 2.125], "texture": "#0"},
				"south": {"uv": [12, 7, 12.5, 7.125], "texture": "#0"},
				"west": {"uv": [11.5, 2.5, 12.75, 2.625], "texture": "#0"},
				"up": {"uv": [6.5, 10.25, 6, 9], "texture": "#0"},
				"down": {"uv": [10, 0, 9.5, 1.25], "texture": "#0"}
			}
		},
		{
			"from": [7.6, 4.1, 3.4],
			"to": [8.4, 4.6, 4],
			"rotation": {"angle": 13.5, "axis": "x", "origin": [6.9, 3.3, 5.4]},
			"faces": {
				"north": {"uv": [6, 12, 6.375, 12.25], "texture": "#0"},
				"east": {"uv": [10.5, 12, 10.75, 12.25], "texture": "#0"},
				"south": {"uv": [12, 6, 12.375, 6.25], "texture": "#0"},
				"west": {"uv": [12, 10.5, 12.25, 10.75], "texture": "#0"},
				"up": {"uv": [6.875, 12.25, 6.5, 12], "texture": "#0"},
				"down": {"uv": [12.375, 6.5, 12, 6.75], "texture": "#0"}
			}
		}
	],
	"display": {
		"thirdperson_righthand": {
			"rotation": [0, 24, 0],
			"translation": [-1, 2.75, -2.5]
		},
		"thirdperson_lefthand": {
			"rotation": [0, 24, 0],
			"translation": [-1, 2.75, -2.5]
		},
		"firstperson_righthand": {
			"rotation": [0, -10, 0],
			"translation": [1.25, 4.75, -0.25]
		},
		"firstperson_lefthand": {
			"rotation": [0, -10, 0],
			"translation": [1.25, 4.75, -0.25]
		},
		"gui": {
			"rotation": [88.58, -57.95, 88.8],
			"translation": [1, 3.25, 0]
		},
		"head": {
			"translation": [0, 12.5, -9.25],
			"scale": [2, 2, 2]
		},
		"fixed": {
			"rotation": [88.58, -57.95, 88.8],
			"translation": [1, 3.25, 0]
		}
	},
	"groups": [
		{
			"name": "group",
			"origin": [8, 8, 8],
			"color": 0,
			"children": [0, 1, 2, 3, 4, 5, 6, 7, 8, 9, 10, 11, 12, 13, 14, 15, 16, 17, 18, 19, 20, 21, 22, 23, 24, 25, 26, 27]
		}
	]
}