{
	"format_version": "1.21.6",
	"credit": "Made with Blockbench",
	"texture_size": [32, 32],
	"textures": {
		"0": "blincek:item/veroy",
		"particle": "blincek:item/veroy"
	},
	"elements": [
		{
			"from": [8.5, 15.1, 7.9],
			"to": [8.9, 18.4, 8.4],
			"rotation": {"angle": -9.5, "axis": "x", "origin": [8.6, 14.9, 8.2]},
			"faces": {
				"north": {"uv": [9.5, 1, 9.75, 2.625], "texture": "#0"},
				"east": {"uv": [9.5, 3, 9.75, 4.625], "texture": "#0"},
				"south": {"uv": [9.5, 5, 9.75, 6.625], "texture": "#0"},
				"west": {"uv": [9.5, 7, 9.75, 8.625], "texture": "#0"},
				"up": {"uv": [11.25, 8.25, 11, 8], "texture": "#0"},
				"down": {"uv": [8.75, 11, 8.5, 11.25], "texture": "#0"}
			}
		},
		{
			"from": [8.5, 18.2, 7.5],
			"to": [8.9, 18.7, 10.6],
			"rotation": {"angle": -42, "axis": "x", "origin": [8.6, 18.4, 7.8]},
			"faces": {
				"north": {"uv": [11, 9.5, 11.25, 9.75], "texture": "#0"},
				"east": {"uv": [10, 10, 11.5, 10.25], "texture": "#0"},
				"south": {"uv": [10, 11, 10.25, 11.25], "texture": "#0"},
				"west": {"uv": [10.5, 1, 12, 1.25], "texture": "#0"},
				"up": {"uv": [10.75, 3, 10.5, 1.5], "texture": "#0"},
				"down": {"uv": [10.75, 3, 10.5, 4.5], "texture": "#0"}
			}
		},
		{
			"from": [8.5, 14.8, 2.7],
			"to": [8.9, 15.3, 6.1],
			"rotation": {"angle": -29.5, "axis": "x", "origin": [8.6, 15, 2.6]},
			"faces": {
				"north": {"uv": [10.5, 11, 10.75, 11.25], "texture": "#0"},
				"east": {"uv": [9.5, 0, 11.25, 0.25], "texture": "#0"},
				"south": {"uv": [11, 11, 11.25, 11.25], "texture": "#0"},
				"west": {"uv": [9.5, 0.5, 11.25, 0.75], "texture": "#0"},
				"up": {"uv": [8.25, 10.75, 8, 9], "texture": "#0"},
				"down": {"uv": [8.75, 9, 8.5, 10.75], "texture": "#0"}
			}
		},
		{
			"from": [8.5, 16.6, 5.5],
			"to": [8.9, 17.1, 8.7],
			"rotation": {"angle": 30.5, "axis": "x", "origin": [8.6, 16.8, 5.2]},
			"faces": {
				"north": {"uv": [0, 11.5, 0.25, 11.75], "texture": "#0"},
				"east": {"uv": [9, 9.5, 10.625, 9.75], "texture": "#0"},
				"south": {"uv": [11.5, 0, 11.75, 0.25], "texture": "#0"},
				"west": {"uv": [9.5, 9, 11.125, 9.25], "texture": "#0"},
				"up": {"uv": [10.25, 2.625, 10, 1], "texture": "#0"},
				"down": {"uv": [10.25, 3, 10, 4.625], "texture": "#0"}
			}
		},
		{
			"from": [8.5, 19.8, 1.1],
			"to": [8.9, 20.3, 4.2],
			"rotation": {"angle": 44, "axis": "x", "origin": [8.6, 20, 1.4]},
			"faces": {
				"north": {"uv": [11.5, 0.5, 11.75, 0.75], "texture": "#0"},
				"east": {"uv": [10.5, 4.5, 12, 4.75], "texture": "#0"},
				"south": {"uv": [1.5, 11.5, 1.75, 11.75], "texture": "#0"},
				"west": {"uv": [10.5, 5, 12, 5.25], "texture": "#0"},
				"up": {"uv": [10.75, 7, 10.5, 5.5], "texture": "#0"},
				"down": {"uv": [10.75, 7, 10.5, 8.5], "texture": "#0"}
			}
		},
		{
			"from": [8.5, 20.4, 6.8],
			"to": [8.9, 20.9, 9.9],
			"rotation": {"angle": 8, "axis": "x", "origin": [8.6, 20.6, 7.1]},
			"faces": {
				"north": {"uv": [11.5, 1.5, 11.75, 1.75], "texture": "#0"},
				"east": {"uv": [10.5, 8.5, 12, 8.75], "texture": "#0"},
				"south": {"uv": [2, 11.5, 2.25, 11.75], "texture": "#0"},
				"west": {"uv": [10, 10.5, 11.5, 10.75], "texture": "#0"},
				"up": {"uv": [11.25, 3, 11, 1.5], "texture": "#0"},
				"down": {"uv": [11.25, 3, 11, 4.5], "texture": "#0"}
			}
		},
		{
			"from": [8.2, 0, 5.1],
			"to": [9.2, 5.1, 5.9],
			"rotation": {"angle": 0, "axis": "y", "origin": [8.2, 0, 5]},
			"faces": {
				"north": {"uv": [0, 9, 0.5, 11.5], "texture": "#0"},
				"east": {"uv": [1.5, 9, 1.875, 11.5], "texture": "#0"},
				"south": {"uv": [9, 0, 9.5, 2.5], "texture": "#0"},
				"west": {"uv": [2, 9, 2.375, 11.5], "texture": "#0"},
				"up": {"uv": [7.5, 11.375, 7, 11], "texture": "#0"},
				"down": {"uv": [8, 11, 7.5, 11.375], "texture": "#0"}
			}
		},
		{
			"from": [8.8, 14.8, 1],
			"to": [8.8, 23.5, 10],
			"rotation": {"angle": 0, "axis": "y", "origin": [8.4, 17.9, 4.8]},
			"faces": {
				"north": {"uv": [0, 0, 0, 4.375], "texture": "#0"},
				"east": {"uv": [0, 0, 4.5, 4.375], "texture": "#0"},
				"south": {"uv": [0, 0, 0, 4.375], "texture": "#0"},
				"west": {"uv": [0, 4.5, 4.5, 8.875], "texture": "#0"},
				"up": {"uv": [0, 4.5, 0, 0], "texture": "#0"},
				"down": {"uv": [0, 0, 0, 4.5], "texture": "#0"}
			}
		},
		{
			"from": [8.6, 14.8, 1],
			"to": [8.6, 23.5, 10],
			"rotation": {"angle": 0, "axis": "y", "origin": [8.2, 17.9, 4.8]},
			"faces": {
				"north": {"uv": [0, 0, 0, 4.375], "texture": "#0"},
				"east": {"uv": [4.5, 0, 9, 4.375], "texture": "#0"},
				"south": {"uv": [0, 0, 0, 4.375], "texture": "#0"},
				"west": {"uv": [4.5, 4.5, 9, 8.875], "texture": "#0"},
				"up": {"uv": [0, 4.5, 0, 0], "texture": "#0"},
				"down": {"uv": [0, 0, 0, 4.5], "texture": "#0"}
			}
		},
		{
			"from": [8.5, 20.2, 5.4],
			"to": [8.9, 23.9, 5.9],
			"rotation": {"angle": -28, "axis": "x", "origin": [8.6, 23, 5.6]},
			"faces": {
				"north": {"uv": [5, 9, 5.25, 10.875], "texture": "#0"},
				"east": {"uv": [5.5, 9, 5.75, 10.875], "texture": "#0"},
				"south": {"uv": [9, 5.5, 9.25, 7.375], "texture": "#0"},
				"west": {"uv": [6, 9, 6.25, 10.875], "texture": "#0"},
				"up": {"uv": [11.75, 2.25, 11.5, 2], "texture": "#0"},
				"down": {"uv": [11.75, 2.5, 11.5, 2.75], "texture": "#0"}
			}
		},
		{
			"from": [8.4, 10.7, 5.3],
			"to": [9, 16.8, 5.7],
			"rotation": {"angle": 0, "axis": "y", "origin": [8.2, 10.7, 5]},
			"faces": {
				"north": {"uv": [2.5, 9, 2.75, 12], "texture": "#0"},
				"east": {"uv": [9, 2.5, 9.25, 5.5], "texture": "#0"},
				"south": {"uv": [3, 9, 3.25, 12], "texture": "#0"},
				"west": {"uv": [3.5, 9, 3.75, 12], "texture": "#0"},
				"up": {"uv": [11.75, 3.25, 11.5, 3], "texture": "#0"},
				"down": {"uv": [11.75, 3.5, 11.5, 3.75], "texture": "#0"}
			}
		},
		{
			"from": [8.5, 20.2, 4.7],
			"to": [8.9, 23.9, 5.2],
			"rotation": {"angle": 24, "axis": "x", "origin": [8.6, 23, 4.9]},
			"faces": {
				"north": {"uv": [6.5, 9, 6.75, 10.875], "texture": "#0"},
				"east": {"uv": [7, 9, 7.25, 10.875], "texture": "#0"},
				"south": {"uv": [7.5, 9, 7.75, 10.875], "texture": "#0"},
				"west": {"uv": [9, 7.5, 9.25, 9.375], "texture": "#0"},
				"up": {"uv": [11.75, 4.25, 11.5, 4], "texture": "#0"},
				"down": {"uv": [5.25, 11.5, 5, 11.75], "texture": "#0"}
			}
		},
		{
			"from": [8.5, 20, 1.1],
			"to": [8.9, 20.5, 4.1],
			"rotation": {"angle": -8, "axis": "x", "origin": [8.6, 20.2, 1.3]},
			"faces": {
				"north": {"uv": [5.5, 11.5, 5.75, 11.75], "texture": "#0"},
				"east": {"uv": [5, 11, 6.5, 11.25], "texture": "#0"},
				"south": {"uv": [6, 11.5, 6.25, 11.75], "texture": "#0"},
				"west": {"uv": [11, 5.5, 12.5, 5.75], "texture": "#0"},
				"up": {"uv": [11.25, 7.5, 11, 6], "texture": "#0"},
				"down": {"uv": [6.75, 11, 6.5, 12.5], "texture": "#0"}
			}
		},
		{
			"from": [8.5, 15.2, 2.5],
			"to": [8.9, 18.4, 3],
			"rotation": {"angle": 9.5, "axis": "x", "origin": [8.6, 14.9, 2.8]},
			"faces": {
				"north": {"uv": [10, 5, 10.25, 6.625], "texture": "#0"},
				"east": {"uv": [10, 7, 10.25, 8.625], "texture": "#0"},
				"south": {"uv": [9, 10, 9.25, 11.625], "texture": "#0"},
				"west": {"uv": [9.5, 10, 9.75, 11.625], "texture": "#0"},
				"up": {"uv": [11.75, 6.25, 11.5, 6], "texture": "#0"},
				"down": {"uv": [11.75, 6.5, 11.5, 6.75], "texture": "#0"}
			}
		},
		{
			"from": [8.3, 5.1, 5.2],
			"to": [9.1, 10.7, 5.8],
			"rotation": {"angle": 0, "axis": "y", "origin": [8.2, 5.1, 5]},
			"faces": {
				"north": {"uv": [0.5, 9, 0.875, 11.75], "texture": "#0"},
				"east": {"uv": [4, 9, 4.25, 11.75], "texture": "#0"},
				"south": {"uv": [1, 9, 1.375, 11.75], "texture": "#0"},
				"west": {"uv": [4.5, 9, 4.75, 11.75], "texture": "#0"},
				"up": {"uv": [11.375, 7.75, 11, 7.5], "texture": "#0"},
				"down": {"uv": [8.375, 11, 8, 11.25], "texture": "#0"}
			}
		}
	],
	"display": {
		"thirdperson_righthand": {
			"translation": [0.5, 2, 2.75]
		},
		"thirdperson_lefthand": {
			"translation": [0.5, 2, 2.75]
		},
		"firstperson_righthand": {
			"rotation": [-70.84, 6.84, -9.52],
			"translation": [4.5, 1.75, 0.25],
			"scale": [1, 1, 1.01953]
		},
		"firstperson_lefthand": {
			"rotation": [-70.84, 6.84, -9.52],
			"translation": [4.25, 1.75, 0.25],
			"scale": [1, 1, 1.01953]
		},
		"ground": {
			"rotation": [-0.53, 4.13, 89.48],
			"translation": [5.25, -3, 2.25]
		},
		"gui": {
			"rotation": [90, -48, 90],
			"translation": [1.75, -5.25, 0]
		},
		"head": {
			"rotation": [-38, 0, 0],
			"translation": [-1.5, 13, -7],
			"scale": [2, 2, 2]
		},
		"fixed": {
			"rotation": [90, -48, 90],
			"translation": [1.75, -5.25, 0]
		}
	},
	"groups": [
		{
			"name": "group",
			"origin": [0, 7.2, 1.3],
			"color": 0,
			"children": [0, 1, 2, 3, 4, 5, 6, 7, 8, 9, 10, 11, 12, 13, 14]
		}
	]
}