{
	"credit": "Made with Blockbench",
	"texture_size": [32, 32],
	"textures": {
		"0": "item/pepeland/carved_pumpkin/part_3/vent/vent",
		"particle": "item/pepeland/carved_pumpkin/part_3/vent/vent"
	},
	"elements": [
		{
			"from": [4, 2, 7],
			"to": [12, 10, 7],
			"rotation": {"angle": 0, "axis": "y", "origin": [11, 2, 6]},
			"faces": {
				"north": {"uv": [0, 0, 4, 4], "texture": "#0"},
				"east": {"uv": [0, 0, 0, 4], "texture": "#0"},
				"south": {"uv": [0, 4, 4, 8], "texture": "#0"},
				"west": {"uv": [0, 0, 0, 4], "texture": "#0"},
				"up": {"uv": [4, 0, 0, 0], "texture": "#0"},
				"down": {"uv": [4, 0, 0, 0], "texture": "#0"}
			}
		},
		{
			"from": [7.2, 5.2, 6.75],
			"to": [8.8, 6.8, 7],
			"rotation": {"angle": 0, "axis": "y", "origin": [7.8, 6.2, 6]},
			"faces": {
				"north": {"uv": [6, 5, 6.75, 5.75], "texture": "#0"},
				"east": {"uv": [7, 5, 7.25, 5.75], "texture": "#0"},
				"south": {"uv": [6.5, 0, 7.5, 1], "texture": "#0"},
				"west": {"uv": [6, 7, 6.25, 7.75], "texture": "#0"},
				"up": {"uv": [7.75, 6.25, 7, 6], "texture": "#0"},
				"down": {"uv": [7.75, 6, 7, 6.25], "texture": "#0"}
			}
		},
		{
			"from": [7.25, 5.25, 7],
			"to": [8.75, 6.75, 9.5],
			"rotation": {"angle": 0, "axis": "y", "origin": [7.25, 5.25, 7]},
			"faces": {
				"north": {"uv": [6.5, 1, 7.5, 2], "texture": "#0"},
				"east": {"uv": [6, 0, 7.25, 0.75], "texture": "#0"},
				"south": {"uv": [5, 6.5, 5.75, 7.25], "texture": "#0"},
				"west": {"uv": [6, 1, 7.25, 1.75], "texture": "#0"},
				"up": {"uv": [6.75, 3.25, 6, 2], "texture": "#0"},
				"down": {"uv": [6.75, 3.5, 6, 4.75], "texture": "#0"}
			}
		},
		{
			"from": [7.5, 0.25, 8.25],
			"to": [8.5, 5.25, 9.25],
			"rotation": {"angle": 0, "axis": "y", "origin": [7.5, 0.25, 8.25]},
			"faces": {
				"north": {"uv": [5.5, 4, 6, 6.5], "texture": "#0"},
				"east": {"uv": [5.5, 4, 6, 6.5], "texture": "#0"},
				"south": {"uv": [5.5, 4, 6, 6.5], "texture": "#0"},
				"west": {"uv": [5.5, 4, 6, 6.5], "texture": "#0"},
				"up": {"uv": [5.5, 4, 6, 6.5], "texture": "#0"},
				"down": {"uv": [5.5, 4, 6, 6.5], "texture": "#0"}
			}
		},
		{
			"from": [6, 0, 6],
			"to": [10, 0.5, 10],
			"rotation": {"angle": 0, "axis": "y", "origin": [6, 0, 6]},
			"faces": {
				"north": {"uv": [7, 2, 9, 2.25], "texture": "#0"},
				"east": {"uv": [7, 3.5, 9, 3.75], "texture": "#0"},
				"south": {"uv": [7, 3.5, 9, 3.75], "texture": "#0"},
				"west": {"uv": [7, 3.5, 9, 3.75], "texture": "#0"},
				"up": {"uv": [6, 2, 4, 0], "texture": "#0"},
				"down": {"uv": [6, 2, 4, 4], "texture": "#0"}
			}
		}
	],
	"display": {
		"thirdperson_righthand": {
			"translation": [0, 6.75, -1.25]
		},
		"thirdperson_lefthand": {
			"translation": [0, 6.75, -1.25]
		},
		"firstperson_righthand": {
			"rotation": [0, 113, 0],
			"translation": [0, 7.25, 0]
		},
		"firstperson_lefthand": {
			"rotation": [0, 113, 0],
			"translation": [0, 7.25, 0]
		},
		"ground": {
			"translation": [0, 4.25, 0]
		},
		"gui": {
			"rotation": [30, -147, 0],
			"translation": [0, 4.75, 0],
			"scale": [1.43, 1.43, 1.43]
		},
		"head": {
			"translation": [0, 27.75, -0.25],
			"scale": [2.59, 2.59, 2.59]
		},
		"fixed": {
			"rotation": [-90, 0, 0],
			"translation": [0, 0, -27.5],
			"scale": [3.43, 3.43, 3.43]
		}
	},
	"groups": [
		{
			"name": "group",
			"origin": [8, 8, 8],
			"color": 0,
			"children": [0, 1, 2, 3, 4]
		}
	]
}