{
	"credit": "Made with Blockbench",
	"texture_size": [64, 64],
	"textures": {
		"0": "item/pepeland/carved_pumpkin/part_1/daft1/daft1",
		"particle": "item/pepeland/carved_pumpkin/part_1/daft1/daft1"
	},
	"elements": [
		{
			"from": [4.5, 0.5, 3],
			"to": [10.5, 2.5, 8],
			"faces": {
				"north": {"uv": [1.5, 0, 3, 0.5], "texture": "#0"},
				"east": {"uv": [1.5, 1, 2.75, 1.5], "texture": "#0"},
				"south": {"uv": [1.5, 0.5, 3, 1], "texture": "#0"},
				"west": {"uv": [1.5, 1.5, 2.75, 2], "texture": "#0"},
				"up": {"uv": [1.5, 1.25, 0, 0], "texture": "#0"},
				"down": {"uv": [1.5, 1.25, 0, 2.5], "texture": "#0"}
			}
		},
		{
			"from": [3, 2.5, 3],
			"to": [12, 11, 12],
			"rotation": {"angle": 0, "axis": "y", "origin": [7.5, 6.75, 7.5]},
			"faces": {
				"north": {"uv": [1.5, 2, 3.75, 4.25], "texture": "#0"},
				"east": {"uv": [3.75, 0, 6, 2.25], "texture": "#0"},
				"south": {"uv": [3.75, 2.25, 6, 4.5], "texture": "#0"},
				"west": {"uv": [6, 0, 3.75, 2.25], "texture": "#0"},
				"up": {"uv": [4.5, 6.75, 2.25, 4.5], "texture": "#0"},
				"down": {"uv": [6.75, 4.5, 4.5, 6.75], "texture": "#0"}
			}
		},
		{
			"from": [3, 4, 2],
			"to": [12, 8, 3],
			"faces": {
				"north": {"uv": [5, 6.75, 7.25, 7.75], "texture": "#0"},
				"east": {"uv": [7, 0, 7.25, 1], "texture": "#0"},
				"south": {"uv": [6.75, 5, 9, 6], "texture": "#0"},
				"west": {"uv": [7, 1, 7.25, 2], "texture": "#0"},
				"up": {"uv": [9, 6.25, 6.75, 6], "texture": "#0"},
				"down": {"uv": [9, 6.25, 6.75, 6.5], "texture": "#0"}
			}
		},
		{
			"from": [12, 4, 2],
			"to": [13, 8, 6],
			"faces": {
				"north": {"uv": [1, 2.5, 1.25, 3.5], "texture": "#0"},
				"east": {"uv": [0, 2.5, 1, 3.5], "texture": "#0"},
				"south": {"uv": [1.25, 2.5, 1.5, 3.5], "texture": "#0"},
				"west": {"uv": [2.75, 1, 3.75, 2], "texture": "#0"},
				"up": {"uv": [3.25, 1, 3, 0], "texture": "#0"},
				"down": {"uv": [3.5, 0, 3.25, 1], "texture": "#0"}
			}
		},
		{
			"from": [12, 4, 6],
			"to": [14, 8, 10],
			"faces": {
				"north": {"uv": [6, 2, 6.5, 3], "texture": "#0"},
				"east": {"uv": [6, 0, 7, 1], "texture": "#0"},
				"south": {"uv": [6, 3, 6.5, 4], "texture": "#0"},
				"west": {"uv": [6, 1, 7, 2], "texture": "#0"},
				"up": {"uv": [0.5, 7.5, 0, 6.5], "texture": "#0"},
				"down": {"uv": [1, 6.5, 0.5, 7.5], "texture": "#0"}
			}
		},
		{
			"from": [1, 4, 6],
			"to": [3, 8, 10],
			"rotation": {"angle": 0, "axis": "y", "origin": [-5, 6, 8]},
			"faces": {
				"north": {"uv": [6, 3, 6.5, 4], "texture": "#0"},
				"east": {"uv": [6, 1, 7, 2], "texture": "#0"},
				"south": {"uv": [6, 2, 6.5, 3], "texture": "#0"},
				"west": {"uv": [6, 0, 7, 1], "texture": "#0"},
				"up": {"uv": [0.5, 7.5, 0, 6.5], "rotation": 180, "texture": "#0"},
				"down": {"uv": [1, 6.5, 0.5, 7.5], "rotation": 180, "texture": "#0"}
			}
		},
		{
			"from": [2, 4, 2],
			"to": [3, 8, 6],
			"faces": {
				"north": {"uv": [3.5, 0, 3.75, 1], "texture": "#0"},
				"east": {"uv": [1, 6.5, 2, 7.5], "texture": "#0"},
				"south": {"uv": [2, 6.5, 2.25, 7.5], "texture": "#0"},
				"west": {"uv": [6.5, 2, 7.5, 3], "texture": "#0"},
				"up": {"uv": [6.75, 4, 6.5, 3], "texture": "#0"},
				"down": {"uv": [2.5, 6.75, 2.25, 7.75], "texture": "#0"}
			}
		}
	],
	"display": {
		"thirdperson_righthand": {
			"translation": [0, 2, 0],
			"scale": [0.39, 0.39, 0.39]
		},
		"thirdperson_lefthand": {
			"translation": [0, 2, 0],
			"scale": [0.39, 0.39, 0.39]
		},
		"firstperson_righthand": {
			"rotation": [0, 38, 0],
			"translation": [0, 5.5, 1],
			"scale": [0.71, 0.71, 0.71]
		},
		"firstperson_lefthand": {
			"rotation": [0, 38, 0],
			"translation": [0, 5.5, 1],
			"scale": [0.71, 0.71, 0.71]
		},
		"ground": {
			"translation": [0, 0.75, 0],
			"scale": [0.54, 0.54, 0.54]
		},
		"gui": {
			"rotation": [29, -125, 0],
			"translation": [-1, 1.5, 0],
			"scale": [0.86, 0.86, 0.86]
		},
		"head": {
			"translation": [0.75, 2.25, 0.75],
			"scale": [1.7, 1.7, 1.7]
		},
		"fixed": {
			"rotation": [-90, 0, 0],
			"translation": [0, 2.5, -11.5],
			"scale": [1.55, 1.55, 1.55]
		}
	}
}