{
	"credit": "Made with Blockbench",
	"texture_size": [64, 64],
	"textures": {
		"0": "item/pepeland/carved_pumpkin/part_1/nutcracker/nutcracker",
		"particle": "item/pepeland/carved_pumpkin/part_1/nutcracker/nutcracker"
	},
	"elements": [
		{
			"from": [0, 8, 3],
			"to": [16, 8, 13],
			"rotation": {"angle": 0, "axis": "y", "origin": [0, 8, 0]},
			"faces": {
				"north": {"uv": [0, 0, 4, 0], "texture": "#0"},
				"east": {"uv": [0, 0, 2.5, 0], "texture": "#0"},
				"south": {"uv": [0, 0, 4, 0], "texture": "#0"},
				"west": {"uv": [0, 0, 2.5, 0], "texture": "#0"},
				"up": {"uv": [6.5, 8.25, 2.5, 5.75], "texture": "#0"},
				"down": {"uv": [6.5, 5.75, 2.5, 8.25], "texture": "#0"}
			}
		},
		{
			"from": [3, 8.01, 4],
			"to": [13, 16.01, 12],
			"rotation": {"angle": 0, "axis": "y", "origin": [0, 8, 0]},
			"faces": {
				"north": {"uv": [0, 7, 2.5, 9], "texture": "#0"},
				"east": {"uv": [5, 8.25, 7, 10.25], "texture": "#0"},
				"south": {"uv": [8, 0, 10.5, 2], "texture": "#0"},
				"west": {"uv": [7, 8.25, 9, 10.25], "texture": "#0"},
				"up": {"uv": [10.5, 4, 8, 2], "texture": "#0"},
				"down": {"uv": [5, 8.25, 2.5, 10.25], "texture": "#0"}
			}
		},
		{
			"from": [0, 8, 3],
			"to": [0, 13, 13],
			"rotation": {"angle": 0, "axis": "y", "origin": [0, 8, 0]},
			"faces": {
				"north": {"uv": [0, 0, 0, 1.25], "texture": "#0"},
				"east": {"uv": [0, 4.5, 2.5, 5.75], "texture": "#0"},
				"south": {"uv": [0, 0, 0, 1.25], "texture": "#0"},
				"west": {"uv": [0, 4.5, 2.5, 5.75], "texture": "#0"},
				"up": {"uv": [0, 2.5, 0, 0], "texture": "#0"},
				"down": {"uv": [0, 0, 0, 2.5], "texture": "#0"}
			}
		},
		{
			"from": [0, 8, 13],
			"to": [16, 17, 13],
			"rotation": {"angle": 0, "axis": "y", "origin": [0, 8, 0]},
			"faces": {
				"north": {"uv": [4, 2.25, 8, 4.5], "texture": "#0"},
				"east": {"uv": [0, 0, 0, 2.25], "texture": "#0"},
				"south": {"uv": [4, 2.25, 8, 4.5], "texture": "#0"},
				"west": {"uv": [0, 0, 0, 2.25], "texture": "#0"},
				"up": {"uv": [4, 0, 0, 0], "texture": "#0"},
				"down": {"uv": [4, 0, 0, 0], "texture": "#0"}
			}
		},
		{
			"from": [0, 8, 3],
			"to": [16, 17, 3],
			"rotation": {"angle": 0, "axis": "y", "origin": [8, 12.5, 13]},
			"faces": {
				"north": {"uv": [0, 2.25, 4, 4.5], "texture": "#0"},
				"east": {"uv": [0, 0, 0, 2.25], "texture": "#0"},
				"south": {"uv": [4, 2.25, 8, 4.5], "texture": "#0"},
				"west": {"uv": [0, 0, 0, 2.25], "texture": "#0"},
				"up": {"uv": [4, 0, 0, 0], "rotation": 180, "texture": "#0"},
				"down": {"uv": [4, 0, 0, 0], "rotation": 180, "texture": "#0"}
			}
		},
		{
			"from": [16, 8, 3],
			"to": [16, 13, 13],
			"rotation": {"angle": 0, "axis": "y", "origin": [0, 8, 0]},
			"faces": {
				"north": {"uv": [0, 0, 0, 1.25], "texture": "#0"},
				"east": {"uv": [0, 4.5, 2.5, 5.75], "texture": "#0"},
				"south": {"uv": [0, 0, 0, 1.25], "texture": "#0"},
				"west": {"uv": [0, 4.5, 2.5, 5.75], "texture": "#0"},
				"up": {"uv": [0, 2.5, 0, 0], "texture": "#0"},
				"down": {"uv": [0, 0, 0, 2.5], "texture": "#0"}
			}
		},
		{
			"from": [9, 12, 2],
			"to": [12, 15, 3],
			"rotation": {"angle": 0, "axis": "y", "origin": [0, 8, 0]},
			"faces": {
				"north": {"uv": [5, 4.5, 5.75, 5.25], "texture": "#0"},
				"east": {"uv": [10.5, 3.75, 10.75, 4.5], "texture": "#0"},
				"south": {"uv": [5.75, 4.5, 6.5, 5.25], "texture": "#0"},
				"west": {"uv": [10.5, 4.5, 10.75, 5.25], "texture": "#0"},
				"up": {"uv": [0.75, 2.25, 0, 2], "texture": "#0"},
				"down": {"uv": [1.5, 2, 0.75, 2.25], "texture": "#0"}
			}
		},
		{
			"from": [12, 13.3, 2.5],
			"to": [14, 22.3, 3],
			"rotation": {"angle": -22.5, "axis": "z", "origin": [11, 18, 2.75]},
			"faces": {
				"north": {"uv": [7, 0, 7.5, 2.25], "texture": "#0"},
				"east": {"uv": [8, 10.25, 8.25, 12.5], "texture": "#0"},
				"south": {"uv": [7.5, 0, 8, 2.25], "texture": "#0"},
				"west": {"uv": [8.25, 10.25, 8.5, 12.5], "texture": "#0"},
				"up": {"uv": [2, 2.25, 1.5, 2], "texture": "#0"},
				"down": {"uv": [2.5, 2, 2, 2.25], "texture": "#0"}
			}
		},
		{
			"from": [1, 0, 4],
			"to": [15, 8, 12],
			"faces": {
				"north": {"uv": [0, 0, 3.5, 2], "texture": "#0"},
				"east": {"uv": [0, 9, 2, 11], "texture": "#0"},
				"south": {"uv": [3.5, 0, 7, 2], "texture": "#0"},
				"west": {"uv": [9, 8.5, 11, 10.5], "texture": "#0"},
				"up": {"uv": [10, 6.5, 6.5, 4.5], "texture": "#0"},
				"down": {"uv": [12.5, 6.5, 9, 8.5], "texture": "#0"}
			}
		},
		{
			"from": [15, 6, 3],
			"to": [17, 8, 13],
			"faces": {
				"north": {"uv": [5, 5.25, 5.5, 5.75], "texture": "#0"},
				"east": {"uv": [2.5, 4.5, 5, 5], "texture": "#0"},
				"south": {"uv": [5.5, 5.25, 6, 5.75], "texture": "#0"},
				"west": {"uv": [2.5, 5, 5, 5.5], "texture": "#0"},
				"up": {"uv": [2.5, 11.5, 2, 9], "texture": "#0"},
				"down": {"uv": [10.5, 4, 10, 6.5], "texture": "#0"}
			}
		},
		{
			"from": [-1, 3.75, 3],
			"to": [1, 5.75, 13],
			"faces": {
				"north": {"uv": [9.5, 4, 10, 4.5], "texture": "#0"},
				"east": {"uv": [6.5, 7.5, 9, 8], "texture": "#0"},
				"south": {"uv": [10.5, 2.25, 11, 2.75], "texture": "#0"},
				"west": {"uv": [4.5, 10.25, 7, 10.75], "texture": "#0"},
				"up": {"uv": [7.5, 12.75, 7, 10.25], "texture": "#0"},
				"down": {"uv": [8, 10.25, 7.5, 12.75], "texture": "#0"}
			}
		},
		{
			"from": [-1, 6, 3],
			"to": [1, 8, 13],
			"faces": {
				"north": {"uv": [8.5, 4, 9, 4.5], "texture": "#0"},
				"east": {"uv": [6.5, 6.5, 9, 7], "texture": "#0"},
				"south": {"uv": [9, 4, 9.5, 4.5], "texture": "#0"},
				"west": {"uv": [6.5, 7, 9, 7.5], "texture": "#0"},
				"up": {"uv": [4, 12.75, 3.5, 10.25], "texture": "#0"},
				"down": {"uv": [4.5, 10.25, 4, 12.75], "texture": "#0"}
			}
		},
		{
			"from": [7, 3, 2],
			"to": [9, 6, 4],
			"faces": {
				"north": {"uv": [8.5, 10.25, 9, 11], "texture": "#0"},
				"east": {"uv": [10.5, 0, 11, 0.75], "texture": "#0"},
				"south": {"uv": [10.5, 0.75, 11, 1.5], "texture": "#0"},
				"west": {"uv": [10.5, 1.5, 11, 2.25], "texture": "#0"},
				"up": {"uv": [11, 3.25, 10.5, 2.75], "texture": "#0"},
				"down": {"uv": [11, 3.25, 10.5, 3.75], "texture": "#0"}
			}
		},
		{
			"from": [15, 3.75, 3],
			"to": [17, 5.75, 13],
			"faces": {
				"north": {"uv": [6, 5.25, 6.5, 5.75], "texture": "#0"},
				"east": {"uv": [0, 5.75, 2.5, 6.25], "texture": "#0"},
				"south": {"uv": [8, 4, 8.5, 4.5], "texture": "#0"},
				"west": {"uv": [0, 6.25, 2.5, 6.75], "texture": "#0"},
				"up": {"uv": [3, 12.75, 2.5, 10.25], "texture": "#0"},
				"down": {"uv": [3.5, 10.25, 3, 12.75], "texture": "#0"}
			}
		}
	],
	"display": {
		"thirdperson_righthand": {
			"translation": [0, 1.75, 0],
			"scale": [0.29, 0.29, 0.29]
		},
		"thirdperson_lefthand": {
			"translation": [0, 1.75, 0],
			"scale": [0.29, 0.29, 0.29]
		},
		"firstperson_righthand": {
			"rotation": [0, 120, 0],
			"translation": [0, 4.5, 0],
			"scale": [0.48, 0.48, 0.48]
		},
		"firstperson_lefthand": {
			"rotation": [0, 120, 0],
			"translation": [0, 4.5, 0],
			"scale": [0.48, 0.48, 0.48]
		},
		"gui": {
			"rotation": [27, -147, 0],
			"translation": [0, 0.25, 0],
			"scale": [0.67, 0.67, 0.67]
		},
		"head": {
			"translation": [0, 8, 0.25],
			"scale": [1.82, 1.82, 1.95]
		},
		"fixed": {
			"rotation": [-90, 0, 0],
			"translation": [0, 0, -12.25],
			"scale": [1.54, 1.54, 1.54]
		}
	}
}