{
	"credit": "Made with Blockbench",
	"texture_size": [32, 32],
	"textures": {
		"0": "item/pepeland/carved_pumpkin/part_1/loki/loki",
		"particle": "item/pepeland/carved_pumpkin/part_1/loki/loki"
	},
	"elements": [
		{
			"from": [11, 0, 5],
			"to": [12, 2, 8],
			"faces": {
				"north": {"uv": [0, 2, 0.5, 3], "texture": "#0"},
				"east": {"uv": [0, 0, 1.5, 1], "texture": "#0"},
				"south": {"uv": [2, 0, 2.5, 1], "texture": "#0"},
				"west": {"uv": [0, 1, 1.5, 2], "texture": "#0"},
				"up": {"uv": [2, 1.5, 1.5, 0], "texture": "#0"},
				"down": {"uv": [2, 1.5, 1.5, 3], "texture": "#0"}
			}
		},
		{
			"from": [11, 4, 5.25],
			"to": [12, 7, 12.25],
			"faces": {
				"north": {"uv": [2, 5, 2.5, 6.5], "texture": "#0"},
				"east": {"uv": [5, 1, 8.5, 2.5], "texture": "#0"},
				"south": {"uv": [5, 4, 5.5, 5.5], "texture": "#0"},
				"west": {"uv": [5, 2.5, 8.5, 4], "texture": "#0"},
				"up": {"uv": [1.5, 8.5, 1, 5], "texture": "#0"},
				"down": {"uv": [2, 5, 1.5, 8.5], "texture": "#0"}
			}
		},
		{
			"from": [4, 4, 4.25],
			"to": [12, 6, 5.25],
			"rotation": {"angle": 0, "axis": "y", "origin": [11.5, 5, 8.75]},
			"faces": {
				"north": {"uv": [5.5, 0, 9.5, 1], "texture": "#0"},
				"east": {"uv": [0, 6, 0.5, 7], "texture": "#0"},
				"south": {"uv": [5.5, 4, 9.5, 5], "texture": "#0"},
				"west": {"uv": [0.5, 6, 1, 7], "texture": "#0"},
				"up": {"uv": [9, 6, 5, 5.5], "texture": "#0"},
				"down": {"uv": [9.5, 5, 5.5, 5.5], "texture": "#0"}
			}
		},
		{
			"from": [6.5, 3.9, 4],
			"to": [9.5, 6.9, 5],
			"rotation": {"angle": 0, "axis": "y", "origin": [11.5, 5, 8.75]},
			"faces": {
				"north": {"uv": [5, 6, 6.5, 7.5], "texture": "#0"},
				"east": {"uv": [2, 6.5, 2.5, 8], "texture": "#0"},
				"south": {"uv": [6.5, 6, 8, 7.5], "texture": "#0"},
				"west": {"uv": [0, 7, 0.5, 8.5], "texture": "#0"},
				"up": {"uv": [4, 7.5, 2.5, 7], "texture": "#0"},
				"down": {"uv": [4, 7.5, 2.5, 8], "texture": "#0"}
			}
		},
		{
			"from": [9.75, 3.9, 3.25],
			"to": [11.25, 6.9, 4.75],
			"rotation": {"angle": -45, "axis": "x", "origin": [10.5, 5.25, 3.5]},
			"faces": {
				"north": {"uv": [4, 7, 5, 8.5], "texture": "#0"},
				"east": {"uv": [5, 7.5, 6, 9], "texture": "#0"},
				"south": {"uv": [6, 7.5, 7, 9], "texture": "#0"},
				"west": {"uv": [7, 7.5, 8, 9], "texture": "#0"},
				"up": {"uv": [3, 9, 2, 8], "texture": "#0"},
				"down": {"uv": [4, 8, 3, 9], "texture": "#0"}
			}
		},
		{
			"from": [5.25, 7.58402, 2.78388],
			"to": [5.75, 8.08402, 5.78388],
			"rotation": {"angle": -45, "axis": "x", "origin": [5.5, 8.33402, 1.28388]},
			"faces": {
				"north": {"uv": [9.5, 0, 10, 0.5], "texture": "#0"},
				"east": {"uv": [6, 9, 7.5, 9.5], "texture": "#0"},
				"south": {"uv": [9.5, 0.5, 10, 1], "texture": "#0"},
				"west": {"uv": [7.5, 9, 9, 9.5], "texture": "#0"},
				"up": {"uv": [9.5, 10.5, 9, 9], "texture": "#0"},
				"down": {"uv": [10, 2.5, 9.5, 4], "texture": "#0"}
			}
		},
		{
			"from": [5, 6.33402, 2.28388],
			"to": [6, 9.33402, 3.28388],
			"rotation": {"angle": 0, "axis": "y", "origin": [5.5, 8.33402, 1.28388]},
			"faces": {
				"north": {"uv": [4.5, 8.5, 5, 10], "texture": "#0"},
				"east": {"uv": [9, 2.5, 9.5, 4], "texture": "#0"},
				"south": {"uv": [3.5, 9, 4, 10.5], "texture": "#0"},
				"west": {"uv": [5, 9, 5.5, 10.5], "texture": "#0"},
				"up": {"uv": [6, 9.5, 5.5, 9], "texture": "#0"},
				"down": {"uv": [9.5, 5.5, 9, 6], "texture": "#0"}
			}
		},
		{
			"from": [4.75, 3.9, 3.25],
			"to": [6.25, 6.9, 4.75],
			"rotation": {"angle": -45, "axis": "x", "origin": [5.5, 5.25, 3.5]},
			"faces": {
				"north": {"uv": [8.5, 6, 9.5, 7.5], "texture": "#0"},
				"east": {"uv": [8.5, 7.5, 9.5, 9], "texture": "#0"},
				"south": {"uv": [0.5, 9, 1.5, 10.5], "texture": "#0"},
				"west": {"uv": [1.5, 9, 2.5, 10.5], "texture": "#0"},
				"up": {"uv": [10, 2.5, 9, 1.5], "texture": "#0"},
				"down": {"uv": [3.5, 9, 2.5, 10], "texture": "#0"}
			}
		},
		{
			"from": [10, 6.33402, 2.28388],
			"to": [11, 9.33402, 3.28388],
			"rotation": {"angle": 0, "axis": "x", "origin": [10.5, 8.33402, 1.28388]},
			"faces": {
				"north": {"uv": [0.5, 7, 1, 8.5], "texture": "#0"},
				"east": {"uv": [8, 6, 8.5, 7.5], "texture": "#0"},
				"south": {"uv": [8, 7.5, 8.5, 9], "texture": "#0"},
				"west": {"uv": [0, 8.5, 0.5, 10], "texture": "#0"},
				"up": {"uv": [4, 3, 3.5, 2.5], "texture": "#0"},
				"down": {"uv": [4.5, 2.5, 4, 3], "texture": "#0"}
			}
		},
		{
			"from": [10.25, 7.58402, 2.78388],
			"to": [10.75, 8.08402, 5.78388],
			"rotation": {"angle": -45, "axis": "x", "origin": [10.5, 8.33402, 1.28388]},
			"faces": {
				"north": {"uv": [8.5, 3, 9, 3.5], "texture": "#0"},
				"east": {"uv": [0.5, 8.5, 2, 9], "texture": "#0"},
				"south": {"uv": [8.5, 3.5, 9, 4], "texture": "#0"},
				"west": {"uv": [8.5, 1, 10, 1.5], "texture": "#0"},
				"up": {"uv": [9, 3, 8.5, 1.5], "texture": "#0"},
				"down": {"uv": [4.5, 8.5, 4, 10], "texture": "#0"}
			}
		},
		{
			"from": [10.99, -0.16152, 8.42929],
			"to": [11.99, 5.83848, 10.42929],
			"rotation": {"angle": 45, "axis": "x", "origin": [11.49, 2.83848, 9.42929]},
			"faces": {
				"north": {"uv": [0, 3, 0.5, 6], "texture": "#0"},
				"east": {"uv": [0.5, 2, 1.5, 5], "texture": "#0"},
				"south": {"uv": [3, 0, 3.5, 3], "texture": "#0"},
				"west": {"uv": [2, 1, 3, 4], "texture": "#0"},
				"up": {"uv": [3, 1, 2.5, 0], "texture": "#0"},
				"down": {"uv": [2, 3, 1.5, 4], "texture": "#0"}
			}
		},
		{
			"from": [4.01, -0.75, 7.15],
			"to": [5.01, 5.25, 9.15],
			"rotation": {"angle": 45, "axis": "x", "origin": [11.5, 1, 9.5]},
			"faces": {
				"north": {"uv": [4.5, 1, 5, 4], "texture": "#0"},
				"east": {"uv": [2.5, 4, 3.5, 7], "texture": "#0"},
				"south": {"uv": [4.5, 4, 5, 7], "texture": "#0"},
				"west": {"uv": [3.5, 4, 4.5, 7], "texture": "#0"},
				"up": {"uv": [5.5, 1, 5, 0], "texture": "#0"},
				"down": {"uv": [1, 5, 0.5, 6], "texture": "#0"}
			}
		},
		{
			"from": [4, 0, 5],
			"to": [5, 2, 8],
			"faces": {
				"north": {"uv": [1.5, 4, 2, 5], "texture": "#0"},
				"east": {"uv": [3, 3, 4.5, 4], "texture": "#0"},
				"south": {"uv": [2, 4, 2.5, 5], "texture": "#0"},
				"west": {"uv": [3.5, 0, 5, 1], "texture": "#0"},
				"up": {"uv": [4, 2.5, 3.5, 1], "texture": "#0"},
				"down": {"uv": [4.5, 1, 4, 2.5], "texture": "#0"}
			}
		},
		{
			"from": [4, 4, 5.25],
			"to": [5, 7, 12.25],
			"faces": {
				"north": {"uv": [0, 10, 0.5, 11.5], "texture": "#0"},
				"east": {"uv": [9.5, 4, 13, 5.5], "texture": "#0"},
				"south": {"uv": [10, 0, 10.5, 1.5], "texture": "#0"},
				"west": {"uv": [5.5, 9.5, 9, 11], "texture": "#0"},
				"up": {"uv": [10, 9, 9.5, 5.5], "texture": "#0"},
				"down": {"uv": [10, 9, 9.5, 12.5], "texture": "#0"}
			}
		}
	],
	"display": {
		"thirdperson_righthand": {
			"translation": [0, 2.75, 0],
			"scale": [0.41, 0.41, 0.41]
		},
		"thirdperson_lefthand": {
			"translation": [0, 2.75, 0],
			"scale": [0.41, 0.41, 0.41]
		},
		"firstperson_righthand": {
			"rotation": [0, 125, 0],
			"translation": [0, 6.5, 1.75],
			"scale": [0.62, 0.62, 0.62]
		},
		"firstperson_lefthand": {
			"rotation": [0, 125, 0],
			"translation": [0, 6.5, 1.75],
			"scale": [0.62, 0.62, 0.62]
		},
		"ground": {
			"translation": [0, 0.5, 0],
			"scale": [0.45, 0.45, 0.45]
		},
		"gui": {
			"rotation": [20, -150, 0],
			"translation": [-0.25, 3.25, 0]
		},
		"head": {
			"translation": [0, 12.25, 0],
			"scale": [2.16, 2.16, 2.16]
		},
		"fixed": {
			"rotation": [-90, 0, 0],
			"translation": [0, 0, -17.25],
			"scale": [2.2, 2.2, 2.2]
		}
	}
}