{
	"credit": "Made with Blockbench",
	"texture_size": [64, 64],
	"textures": {
		"0": "item/pepeland/carved_pumpkin/part_1/banana/banana",
		"particle": "item/pepeland/carved_pumpkin/part_1/banana/banana"
	},
	"elements": [
		{
			"from": [3, 0, 3],
			"to": [13, 10, 9.5],
			"faces": {
				"north": {"uv": [0, 0, 2.5, 2.5], "texture": "#0"},
				"east": {"uv": [2.5, 0, 4.25, 2.5], "texture": "#0"},
				"south": {"uv": [0, 2.5, 2.5, 5], "texture": "#0"},
				"west": {"uv": [2.5, 0, 4.25, 2.5], "texture": "#0"},
				"up": {"uv": [6.75, 1.75, 4.25, 0], "texture": "#0"},
				"down": {"uv": [6.75, 1.75, 4.25, 3.5], "texture": "#0"}
			}
		},
		{
			"from": [4, 8, 2],
			"to": [12, 16, 8],
			"rotation": {"angle": -22.5, "axis": "x", "origin": [8, 11, 7.5]},
			"faces": {
				"north": {"uv": [4.25, 3.5, 6.25, 5.5], "texture": "#0"},
				"east": {"uv": [2, 5, 3.5, 7], "texture": "#0"},
				"south": {"uv": [0, 5, 2, 7], "texture": "#0"},
				"west": {"uv": [3.5, 5.5, 5, 7.5], "texture": "#0"},
				"up": {"uv": [7, 7, 5, 5.5], "texture": "#0"},
				"down": {"uv": [8.25, 3.5, 6.25, 5], "texture": "#0"}
			}
		},
		{
			"from": [5.5, 15, 3.25],
			"to": [10.5, 18, 6.75],
			"rotation": {"angle": -22.5, "axis": "x", "origin": [8, 11, 7.5]},
			"faces": {
				"north": {"uv": [6.75, 2, 8, 2.75], "texture": "#0"},
				"east": {"uv": [0, 7, 1, 7.75], "texture": "#0"},
				"south": {"uv": [6.75, 2.75, 8, 3.5], "texture": "#0"},
				"west": {"uv": [1, 7, 2, 7.75], "texture": "#0"},
				"up": {"uv": [8, 1, 6.75, 0], "texture": "#0"},
				"down": {"uv": [8, 1, 6.75, 2], "texture": "#0"}
			}
		}
	],
	"display": {
		"thirdperson_righthand": {
			"translation": [0, 2, 0],
			"scale": [0.44, 0.44, 0.44]
		},
		"thirdperson_lefthand": {
			"translation": [0, 2, 0],
			"scale": [0.44, 0.44, 0.44]
		},
		"firstperson_righthand": {
			"translation": [2, 2, 0],
			"scale": [0.66, 0.66, 0.66]
		},
		"firstperson_lefthand": {
			"translation": [2, 2, 0],
			"scale": [0.66, 0.66, 0.66]
		},
		"ground": {
			"scale": [0.46, 0.46, 0.46]
		},
		"gui": {
			"rotation": [39, -142, 0],
			"translation": [-0.75, 1.5, 0],
			"scale": [0.77, 0.77, 0.77]
		},
		"head": {
			"translation": [0, 7.5, 4.75],
			"scale": [1.92, 1.92, 1.92]
		},
		"fixed": {
			"scale": [1.59, 1.59, 1.59]
		}
	}
}