{
	"credit": "Made with Blockbench",
	"textures": {
		"0": "item/pepeland/carved_pumpkin/part_1/eggs/eggs",
		"particle": "item/pepeland/carved_pumpkin/part_1/eggs/eggs"
	},
	"elements": [
		{
			"from": [4.6, 3, 6],
			"to": [9.1, 3, 10.5],
			"rotation": {"angle": -22.5, "axis": "z", "origin": [7, 3, 8]},
			"faces": {
				"north": {"uv": [0, 0, 4, 0], "texture": "#0"},
				"east": {"uv": [0, 0, 4, 0], "texture": "#0"},
				"south": {"uv": [0, 0, 4, 0], "texture": "#0"},
				"west": {"uv": [0, 0, 4, 0], "texture": "#0"},
				"up": {"uv": [13, 13, 1, 0], "texture": "#0"},
				"down": {"uv": [14, 0, 2, 13], "texture": "#0"}
			}
		},
		{
			"from": [6.25, 3.25, 4.25],
			"to": [10.75, 3.25, 8.75],
			"rotation": {"angle": 22.5, "axis": "x", "origin": [8, 3, 6]},
			"faces": {
				"north": {"uv": [0, 0, 4, 0], "texture": "#0"},
				"east": {"uv": [0, 0, 4, 0], "texture": "#0"},
				"south": {"uv": [0, 0, 4, 0], "texture": "#0"},
				"west": {"uv": [0, 0, 4, 0], "texture": "#0"},
				"up": {"uv": [14, 13, 1, 0], "texture": "#0"},
				"down": {"uv": [15, 0, 2, 13], "texture": "#0"}
			}
		},
		{
			"from": [6.25, 1.65, 7.15],
			"to": [10.75, 1.65, 11.65],
			"rotation": {"angle": -22.5, "axis": "x", "origin": [8, 3, 6]},
			"faces": {
				"north": {"uv": [0, 0, 4, 0], "texture": "#0"},
				"east": {"uv": [0, 0, 4, 0], "texture": "#0"},
				"south": {"uv": [0, 0, 4, 0], "texture": "#0"},
				"west": {"uv": [0, 0, 4, 0], "texture": "#0"},
				"up": {"uv": [13, 12, 2, 0], "texture": "#0"},
				"down": {"uv": [12, 0, 0, 13], "texture": "#0"}
			}
		},
		{
			"from": [7.3, 2, 6],
			"to": [11.8, 2, 10.5],
			"rotation": {"angle": 22.5, "axis": "z", "origin": [7, 3, 8]},
			"faces": {
				"north": {"uv": [0, 0, 4, 0], "texture": "#0"},
				"east": {"uv": [0, 0, 4, 0], "texture": "#0"},
				"south": {"uv": [0, 0, 4, 0], "texture": "#0"},
				"west": {"uv": [0, 0, 4, 0], "texture": "#0"},
				"up": {"uv": [13, 12, 2, 0], "texture": "#0"},
				"down": {"uv": [14, 0, 3, 12], "texture": "#0"}
			}
		},
		{
			"from": [6.25, 2.75, 8],
			"to": [8.25, 3.75, 9],
			"rotation": {"angle": -22.5, "axis": "z", "origin": [7.5, 4, 8.5]},
			"faces": {
				"north": {"uv": [0, 13, 2, 14], "texture": "#0"},
				"east": {"uv": [8, 13, 9, 14], "texture": "#0"},
				"south": {"uv": [2, 13, 4, 14], "texture": "#0"},
				"west": {"uv": [0, 14, 1, 15], "texture": "#0"},
				"up": {"uv": [6, 14, 4, 13], "texture": "#0"},
				"down": {"uv": [8, 13, 6, 14], "texture": "#0"}
			}
		},
		{
			"from": [7.25, 2, 7],
			"to": [9.25, 3, 8],
			"rotation": {"angle": 45, "axis": "z", "origin": [7.5, 4, 8.5]},
			"faces": {
				"north": {"uv": [7, 14, 9, 15], "texture": "#0"},
				"east": {"uv": [2, 15, 3, 16], "texture": "#0"},
				"south": {"uv": [9, 13, 11, 14], "texture": "#0"},
				"west": {"uv": [3, 15, 4, 16], "texture": "#0"},
				"up": {"uv": [11, 15, 9, 14], "texture": "#0"},
				"down": {"uv": [2, 15, 0, 16], "texture": "#0"}
			}
		},
		{
			"from": [8.25, 3, 8.25],
			"to": [9.25, 4, 9.25],
			"rotation": {"angle": -22.5, "axis": "x", "origin": [8.5, 3.5, 9.25]},
			"faces": {
				"north": {"uv": [4, 14, 5, 15], "texture": "#0"},
				"east": {"uv": [5, 14, 6, 15], "texture": "#0"},
				"south": {"uv": [6, 14, 7, 15], "texture": "#0"},
				"west": {"uv": [7, 14, 8, 15], "texture": "#0"},
				"up": {"uv": [9, 15, 8, 14], "texture": "#0"},
				"down": {"uv": [10, 14, 9, 15], "texture": "#0"}
			}
		},
		{
			"from": [7, 3, 7],
			"to": [8, 4, 8],
			"rotation": {"angle": -22.5, "axis": "z", "origin": [7.5, 3.5, 7.5]},
			"faces": {
				"north": {"uv": [1, 14, 2, 15], "texture": "#0"},
				"east": {"uv": [2, 14, 3, 15], "texture": "#0"},
				"south": {"uv": [3, 14, 4, 15], "texture": "#0"},
				"west": {"uv": [4, 14, 5, 15], "texture": "#0"},
				"up": {"uv": [6, 15, 5, 14], "texture": "#0"},
				"down": {"uv": [7, 14, 6, 15], "texture": "#0"}
			}
		}
	],
	"display": {
		"thirdperson_righthand": {
			"translation": [-1, 5.75, 0]
		},
		"thirdperson_lefthand": {
			"translation": [1, 5.75, 0]
		},
		"firstperson_righthand": {
			"translation": [0, 7.25, 1.25]
		},
		"firstperson_lefthand": {
			"translation": [0, 7.25, 1.25]
		},
		"ground": {
			"translation": [0, 6.75, 0],
			"scale": [1.73, 1.73, 1.73]
		},
		"gui": {
			"rotation": [34, 44, 0],
			"translation": [-0.75, 5.75, 0],
			"scale": [1.74, 1.74, 1.74]
		},
		"head": {
			"translation": [-1.5, 22.5, -0.5],
			"scale": [2.83, 2.83, 2.83]
		},
		"fixed": {
			"rotation": [-90, 0, 0],
			"translation": [-2, -0.5, -21.5],
			"scale": [4, 4, 4]
		}
	},
	"groups": [
		{
			"name": "group",
			"origin": [8, 8, 8],
			"color": 0,
			"children": [0, 1, 2, 3]
		},
		{
			"name": "group",
			"origin": [8, 8, 8],
			"color": 0,
			"children": [4, 5, 6, 7]
		}
	]
}