{
	"credit": "Made with Blockbench",
	"texture_size": [32, 32],
	"textures": {
		"1": "item/pepeland/carved_pumpkin/part_1/bee/bee"
	},
	"elements": [
		{
			"from": [4, 0, 3],
			"to": [7, 3, 6],
			"faces": {
				"north": {"uv": [0, 0, 1.5, 1.5], "texture": "#1"},
				"east": {"uv": [0, 1.5, 1.5, 3], "texture": "#1"},
				"south": {"uv": [1.5, 0, 3, 1.5], "texture": "#1"},
				"west": {"uv": [1.5, 1.5, 3, 3], "texture": "#1"},
				"up": {"uv": [1.5, 4.5, 0, 3], "texture": "#1"},
				"down": {"uv": [4.5, 0, 3, 1.5], "texture": "#1"}
			}
		},
		{
			"from": [7, 1, 3],
			"to": [9, 3, 3],
			"faces": {
				"north": {"uv": [1.5, 3, 2.5, 4], "texture": "#1"},
				"east": {"uv": [0, 0, 0, 1], "texture": "#1"},
				"south": {"uv": [3, 1.5, 4, 2.5], "texture": "#1"},
				"west": {"uv": [0, 0, 0, 1], "texture": "#1"},
				"up": {"uv": [1, 0, 0, 0], "texture": "#1"},
				"down": {"uv": [1, 0, 0, 0], "texture": "#1"}
			}
		},
		{
			"from": [4, -1, 11],
			"to": [12, 1, 11],
			"faces": {
				"north": {"uv": [3, 5.5, 7, 6.5], "texture": "#1"},
				"east": {"uv": [0, 0, 0, 1], "texture": "#1"},
				"south": {"uv": [3, 5.5, 7, 6.5], "texture": "#1"},
				"west": {"uv": [0, 0, 0, 1], "texture": "#1"},
				"up": {"uv": [4, 0, 0, 0], "texture": "#1"},
				"down": {"uv": [4, 0, 0, 0], "texture": "#1"}
			}
		},
		{
			"from": [4, -1, 6],
			"to": [4, 1, 11],
			"faces": {
				"north": {"uv": [0, 0, 0, 1], "texture": "#1"},
				"east": {"uv": [8, 4.5, 5.5, 5.5], "texture": "#1"},
				"south": {"uv": [0, 0, 0, 1], "texture": "#1"},
				"west": {"uv": [5.5, 4.5, 8, 5.5], "texture": "#1"},
				"up": {"uv": [0, 2.5, 0, 0], "texture": "#1"},
				"down": {"uv": [0, 0, 0, 2.5], "texture": "#1"}
			}
		},
		{
			"from": [12, -1, 6],
			"to": [12, 1, 11],
			"faces": {
				"north": {"uv": [0, 0, 0, 1], "texture": "#1"},
				"east": {"uv": [8, 4.5, 5.5, 5.5], "texture": "#1"},
				"south": {"uv": [0, 0, 0, 1], "texture": "#1"},
				"west": {"uv": [5.5, 4.5, 8, 5.5], "texture": "#1"},
				"up": {"uv": [0, 2.5, 0, 0], "texture": "#1"},
				"down": {"uv": [0, 0, 0, 2.5], "texture": "#1"}
			}
		},
		{
			"from": [9, 0, 3],
			"to": [12, 3, 6],
			"faces": {
				"north": {"uv": [2.5, 3, 4, 4.5], "texture": "#1"},
				"east": {"uv": [4, 1.5, 5.5, 3], "texture": "#1"},
				"south": {"uv": [4, 3, 5.5, 4.5], "texture": "#1"},
				"west": {"uv": [0, 4.5, 1.5, 6], "texture": "#1"},
				"up": {"uv": [6, 1.5, 4.5, 0], "texture": "#1"},
				"down": {"uv": [3, 4.5, 1.5, 6], "texture": "#1"}
			}
		},
		{
			"from": [4, 2, 8],
			"to": [15, 10, 8],
			"faces": {
				"north": {"uv": [6, 0, 11.5, 4], "texture": "#1"},
				"east": {"uv": [0, 0, 0, 4], "texture": "#1"},
				"south": {"uv": [11.5, 0, 6, 4], "texture": "#1"},
				"west": {"uv": [0, 0, 0, 4], "texture": "#1"},
				"up": {"uv": [5, 0, 0, 0], "texture": "#1"},
				"down": {"uv": [5, 0, 0, 0], "texture": "#1"}
			}
		}
	],
	"display": {
		"thirdperson_righthand": {
			"translation": [0, 4, -0.75],
			"scale": [0.54, 0.54, 0.54]
		},
		"thirdperson_lefthand": {
			"translation": [0, 4, -0.75],
			"scale": [0.54, 0.54, 0.54]
		},
		"firstperson_righthand": {
			"rotation": [0, 113, 0],
			"translation": [0, 8, 0],
			"scale": [0.74, 0.74, 0.74]
		},
		"firstperson_lefthand": {
			"rotation": [0, 113, 0],
			"translation": [0, 8, 0],
			"scale": [0.74, 0.74, 0.74]
		},
		"ground": {
			"translation": [0, 5, 0],
			"scale": [0.8, 0.8, 0.8]
		},
		"gui": {
			"rotation": [26, -136, 0],
			"translation": [-0.75, 4.25, 0],
			"scale": [1.06, 1.06, 1.06]
		},
		"head": {
			"translation": [0, 18.5, 1.5],
			"scale": [2.03, 2.03, 2.03]
		},
		"fixed": {
			"rotation": [-90, 0, 0],
			"translation": [0, 2.5, -18],
			"scale": [2, 2, 2]
		}
	}
}