{
	"credit": "Made with Blockbench",
	"texture_size": [64, 64],
	"textures": {
		"0": "item/pepeland/carved_pumpkin/part_1/plague/plague",
		"particle": "item/pepeland/carved_pumpkin/part_1/plague/plague"
	},
	"elements": [
		{
			"from": [4, 2, 8],
			"to": [12, 10, 16],
			"rotation": {"angle": 0, "axis": "y", "origin": [8, 6, 12]},
			"faces": {
				"north": {"uv": [0, 2, 2, 4], "texture": "#0"},
				"east": {"uv": [2, 2, 4, 4], "texture": "#0"},
				"south": {"uv": [4, 2, 6, 4], "texture": "#0"},
				"west": {"uv": [6, 2, 8, 4], "texture": "#0"},
				"up": {"uv": [4, 2, 2, 0], "texture": "#0"},
				"down": {"uv": [6, 0, 4, 2], "texture": "#0"}
			}
		},
		{
			"from": [5, 2, 4],
			"to": [11, 6, 8],
			"rotation": {"angle": 0, "axis": "y", "origin": [0, 2, 0]},
			"faces": {
				"north": {"uv": [14.5, 1, 16, 2], "texture": "#0"},
				"east": {"uv": [13.5, 1, 14.5, 2], "texture": "#0"},
				"south": {"uv": [12, 1, 13.5, 2], "texture": "#0"},
				"west": {"uv": [11, 1, 12, 2], "texture": "#0"},
				"up": {"uv": [13.5, 1, 12, 0], "texture": "#0"},
				"down": {"uv": [15, 0, 13.5, 1], "texture": "#0"}
			}
		},
		{
			"from": [6.5, 2, 1],
			"to": [9.5, 5, 5],
			"rotation": {"angle": -22.5, "axis": "x", "origin": [8, 3.5, 3.5]},
			"faces": {
				"north": {"uv": [15.25, 2.75, 16, 3.5], "texture": "#0"},
				"east": {"uv": [14.25, 2.75, 15.25, 3.5], "texture": "#0"},
				"south": {"uv": [13.5, 2.75, 14.25, 3.5], "texture": "#0"},
				"west": {"uv": [12.5, 2.75, 13.5, 3.5], "texture": "#0"},
				"up": {"uv": [15.25, 2.75, 14.25, 2], "rotation": 270, "texture": "#0"},
				"down": {"uv": [13.25, 2.75, 14.25, 2], "rotation": 270, "texture": "#0"}
			}
		},
		{
			"from": [7, 2, -1],
			"to": [9, 3, 2],
			"rotation": {"angle": -45, "axis": "x", "origin": [8, 2.5, 1.5]},
			"faces": {
				"north": {"uv": [15.5, 4, 16, 4.25], "texture": "#0"},
				"east": {"uv": [15, 3.5, 15.75, 3.75], "texture": "#0"},
				"south": {"uv": [15, 4, 15.5, 4.25], "texture": "#0"},
				"west": {"uv": [15, 3.75, 15.75, 4], "texture": "#0"},
				"up": {"uv": [15, 4.25, 14.5, 3.5], "texture": "#0"},
				"down": {"uv": [14.5, 3.5, 14, 4.25], "texture": "#0"}
			}
		},
		{
			"from": [2.5, 5.5, 6],
			"to": [6.5, 9.5, 8],
			"rotation": {"angle": 45, "axis": "y", "origin": [5.5, 7.5, 7]},
			"faces": {
				"north": {"uv": [13.5, 4.25, 14.5, 5.25], "texture": "#0"},
				"east": {"uv": [12, 4.25, 12.5, 5.25], "texture": "#0"},
				"south": {"uv": [12.5, 4.25, 13.5, 5.25], "texture": "#0"},
				"west": {"uv": [14.5, 4.25, 15, 5.25], "texture": "#0"},
				"up": {"uv": [16, 5.25, 15, 4.75], "texture": "#0"},
				"down": {"uv": [16, 4.25, 15, 4.75], "texture": "#0"}
			}
		},
		{
			"from": [9.15685, 5.5, 6.75736],
			"to": [13.15685, 9.5, 8.75736],
			"rotation": {"angle": -45, "axis": "y", "origin": [11.15685, 7.5, 7.75736]},
			"faces": {
				"north": {"uv": [12, 5.25, 13, 6.25], "texture": "#0"},
				"east": {"uv": [14.5, 5.25, 15, 6.25], "texture": "#0"},
				"south": {"uv": [13, 5.25, 14, 6.25], "texture": "#0"},
				"west": {"uv": [14, 5.25, 14.5, 6.25], "texture": "#0"},
				"up": {"uv": [16, 6.25, 15, 5.75], "texture": "#0"},
				"down": {"uv": [15, 5.75, 16, 5.25], "texture": "#0"}
			}
		},
		{
			"from": [2.5, 10, 6.5],
			"to": [13.5, 10, 17.5],
			"rotation": {"angle": 0, "axis": "y", "origin": [8, 10, 12]},
			"faces": {
				"north": {"uv": [0, 4, 2.75, 4], "texture": "#0"},
				"east": {"uv": [0, 4, 2.75, 4], "texture": "#0"},
				"south": {"uv": [0, 4, 2.75, 4], "texture": "#0"},
				"west": {"uv": [0, 4, 2.75, 4], "texture": "#0"},
				"up": {"uv": [2.75, 6.75, 0, 4], "texture": "#0"},
				"down": {"uv": [2.75, 4, 0, 6.75], "texture": "#0"}
			}
		},
		{
			"from": [4.5, 10, 8.5],
			"to": [11.5, 13, 15.5],
			"rotation": {"angle": 0, "axis": "y", "origin": [0, 2, 0]},
			"faces": {
				"north": {"uv": [9, 8, 10.75, 8.75], "texture": "#0"},
				"east": {"uv": [14.25, 8, 16, 8.75], "texture": "#0"},
				"south": {"uv": [10.75, 8, 12.5, 8.75], "texture": "#0"},
				"west": {"uv": [12.5, 8, 14.25, 8.75], "texture": "#0"},
				"up": {"uv": [12.5, 8, 10.75, 6.25], "texture": "#0"},
				"down": {"uv": [14.25, 6.25, 12.5, 8], "texture": "#0"}
			}
		},
		{
			"from": [3.5, 7, 9],
			"to": [3.5, 9, 13],
			"rotation": {"angle": 0, "axis": "y", "origin": [0, 2, 0]},
			"faces": {
				"north": {"uv": [16, 15.5, 16, 15], "texture": "#0"},
				"east": {"uv": [14, 8.75, 15, 9.25], "texture": "#0"},
				"south": {"uv": [16, 15.5, 16, 15], "texture": "#0"},
				"west": {"uv": [15, 8.75, 16, 9.25], "texture": "#0"},
				"up": {"uv": [16, 15, 16, 16], "texture": "#0"},
				"down": {"uv": [16, 16, 16, 15], "texture": "#0"}
			}
		},
		{
			"from": [12.5, 7, 9],
			"to": [12.5, 9, 13],
			"rotation": {"angle": 0, "axis": "y", "origin": [0, 2, 0]},
			"faces": {
				"north": {"uv": [16, 15, 16, 15.5], "texture": "#0"},
				"east": {"uv": [12, 8.75, 13, 9.25], "texture": "#0"},
				"south": {"uv": [16, 15, 16, 15.5], "texture": "#0"},
				"west": {"uv": [13, 8.75, 14, 9.25], "texture": "#0"},
				"up": {"uv": [16, 16, 16, 15], "texture": "#0"},
				"down": {"uv": [16, 15, 16, 16], "texture": "#0"}
			}
		},
		{
			"from": [6.5, 7, 7],
			"to": [10.5, 9, 7],
			"rotation": {"angle": 0, "axis": "y", "origin": [0, 2, 0]},
			"faces": {
				"north": {"uv": [1, 0, 2, 0.5], "texture": "#0"},
				"east": {"uv": [0, 15.5, 0, 16], "texture": "#0"},
				"south": {"uv": [0, 0, 1, 0.5], "texture": "#0"},
				"west": {"uv": [0, 15.5, 0, 16], "texture": "#0"},
				"up": {"uv": [1, 15.5, 0, 15.5], "texture": "#0"},
				"down": {"uv": [1, 15.5, 0, 15.5], "texture": "#0"}
			}
		}
	],
	"display": {
		"thirdperson_righthand": {
			"translation": [0, 2, -2],
			"scale": [0.47, 0.47, 0.47]
		},
		"thirdperson_lefthand": {
			"translation": [0, 2, -2],
			"scale": [0.47, 0.47, 0.47]
		},
		"firstperson_righthand": {
			"rotation": [0, 116, 0],
			"translation": [1.75, 4.5, 0],
			"scale": [0.53, 0.53, 0.53]
		},
		"firstperson_lefthand": {
			"rotation": [0, 116, 0],
			"translation": [1.75, 4.5, 0],
			"scale": [0.53, 0.53, 0.53]
		},
		"ground": {
			"translation": [0, 1, 0],
			"scale": [0.64, 0.64, 0.64]
		},
		"gui": {
			"rotation": [17, -145, 0],
			"translation": [1, 0.25, 0],
			"scale": [0.75, 0.75, 0.75]
		},
		"head": {
			"translation": [0, 4.25, -8.25],
			"scale": [2, 2, 2]
		},
		"fixed": {
			"translation": [0, 1, -5]
		}
	}
}