{
	"credit": "Made with Blockbench",
	"texture_size": [32, 32],
	"textures": {
		"0": "item/pepeland/carved_pumpkin/part_2/orange/orange",
		"particle": "item/pepeland/carved_pumpkin/part_2/orange/orange"
	},
	"elements": [
		{
			"from": [4, 0, 8],
			"to": [13, 9, 9],
			"rotation": {"angle": 0, "axis": "y", "origin": [12, 0, 7]},
			"faces": {
				"north": {"uv": [0, 4.5, 4.5, 9], "texture": "#0"},
				"east": {"uv": [4.5, 0, 5, 4.5], "texture": "#0"},
				"south": {"uv": [0, 0, 4.5, 4.5], "texture": "#0"},
				"west": {"uv": [4.5, 4.5, 5, 9], "texture": "#0"},
				"up": {"uv": [5.5, 4.5, 5, 0], "rotation": 90, "texture": "#0"},
				"down": {"uv": [5.5, 4.5, 5, 9], "rotation": 270, "texture": "#0"}
			}
		}
	],
	"display": {
		"thirdperson_righthand": {
			"rotation": [0, 90, 0],
			"translation": [0, 3.75, -1],
			"scale": [0.54, 0.54, 0.54]
		},
		"thirdperson_lefthand": {
			"rotation": [0, 90, 0],
			"translation": [0, 3.75, -1],
			"scale": [0.54, 0.54, 0.54]
		},
		"firstperson_righthand": {
			"rotation": [0, -55, 0],
			"translation": [0.25, 4.5, 0],
			"scale": [0.63, 0.63, 0.63]
		},
		"firstperson_lefthand": {
			"rotation": [0, -55, 0],
			"translation": [0.25, 4.5, 0],
			"scale": [0.63, 0.63, 0.63]
		},
		"ground": {
			"rotation": [90, 0, 0],
			"translation": [0, 0, 2.25],
			"scale": [0.64, 0.64, 0.64]
		},
		"gui": {
			"rotation": [23, 35, 0],
			"translation": [-0.75, 4.25, 0],
			"scale": [1.25, 1.25, 1.25]
		},
		"head": {
			"rotation": [0, 0, 14.75],
			"translation": [4.25, 10.5, 0],
			"scale": [1.2, 1.2, 1]
		},
		"fixed": {
			"translation": [0, 5.5, -2.25],
			"scale": [1.64, 1.64, 1.64]
		}
	}
}