{
	"credit": "Made with Blockbench",
	"textures": {
		"1": "item/pepeland/carved_pumpkin/part_4/cancer/cancer"
	},
	"elements": [
		{
			"from": [6, 5, 6],
			"to": [10, 9, 10],
			"faces": {
				"north": {"uv": [12, 12, 16, 16], "texture": "#1"},
				"east": {"uv": [0, 2, 2, 4], "texture": "#1"},
				"south": {"uv": [6, 2, 8, 4], "texture": "#1"},
				"west": {"uv": [4, 2, 6, 4], "texture": "#1"},
				"up": {"uv": [2, 0, 4, 2], "texture": "#1"},
				"down": {"uv": [4, 0, 6, 2], "texture": "#1"}
			}
		},
		{
			"from": [5.7, 4.7, 5.7],
			"to": [10.3, 9.3, 10.3],
			"faces": {
				"north": {"uv": [4, 12, 8, 16], "texture": "#1"},
				"east": {"uv": [0, 12, 4, 16], "texture": "#1"},
				"south": {"uv": [8, 12, 12, 16], "texture": "#1"},
				"west": {"uv": [8, 12, 12, 16], "texture": "#1"},
				"up": {"uv": [10, 0, 12, 2], "texture": "#1"},
				"down": {"uv": [12, 0, 14, 2], "texture": "#1"}
			}
		},
		{
			"from": [6.5, 1, 7],
			"to": [9.5, 5, 9],
			"faces": {
				"north": {"uv": [1, 5, 2.5, 7], "texture": "#1"},
				"east": {"uv": [0, 5, 1, 7], "texture": "#1"},
				"south": {"uv": [3.5, 5, 5, 7], "texture": "#1"},
				"west": {"uv": [2.5, 5, 3.5, 7], "texture": "#1"},
				"up": {"uv": [1, 4, 2.5, 5], "texture": "#1"},
				"down": {"uv": [2.5, 4, 4, 5], "texture": "#1"}
			}
		},
		{
			"from": [6.2, 0.7, 6.7],
			"to": [9.8, 5.3, 9.3],
			"faces": {
				"north": {"uv": [6, 5, 7.5, 7], "texture": "#1"},
				"east": {"uv": [5, 5, 6, 7], "texture": "#1"},
				"south": {"uv": [8.5, 5, 10, 7], "texture": "#1"},
				"west": {"uv": [7.5, 5, 8.5, 7], "texture": "#1"},
				"up": {"uv": [6, 4, 7.5, 5], "texture": "#1"},
				"down": {"uv": [7.5, 4, 9, 5], "texture": "#1"}
			}
		},
		{
			"from": [10.2, -2.4, 7.5],
			"to": [11.2, 0.6, 8.5],
			"rotation": {"angle": 22.5, "axis": "z", "origin": [0, 0, 0]},
			"faces": {
				"north": {"uv": [14.5, 7.5, 15, 9], "texture": "#1"},
				"east": {"uv": [14, 7.5, 14.5, 9], "texture": "#1"},
				"south": {"uv": [15, 7.5, 15.5, 9], "texture": "#1"},
				"west": {"uv": [15.5, 7.5, 16, 9], "texture": "#1"},
				"up": {"uv": [14.5, 7.5, 15, 7], "texture": "#1"},
				"down": {"uv": [15, 7.5, 15.5, 7], "texture": "#1"}
			}
		},
		{
			"from": [10.1, -2.5, 7.4],
			"to": [11.3, 0.7, 8.6],
			"rotation": {"angle": 22.5, "axis": "z", "origin": [0, 0, 0]},
			"faces": {
				"north": {"uv": [12.5, 7.5, 13, 9], "texture": "#1"},
				"east": {"uv": [12, 7.5, 12.5, 9], "texture": "#1"},
				"south": {"uv": [13, 7.5, 13.5, 9], "texture": "#1"},
				"west": {"uv": [13.5, 7.5, 14, 9], "texture": "#1"},
				"up": {"uv": [12.5, 7.5, 13, 7], "texture": "#1"},
				"down": {"uv": [13, 7.5, 13.5, 7], "texture": "#1"}
			}
		},
		{
			"from": [3.6, 3.7, 7.5],
			"to": [4.6, 6.7, 8.5],
			"rotation": {"angle": -22.5, "axis": "z", "origin": [0, 0, 0]},
			"faces": {
				"north": {"uv": [10.5, 7.5, 11, 9], "texture": "#1"},
				"east": {"uv": [10, 7.5, 10.5, 9], "texture": "#1"},
				"south": {"uv": [11, 7.5, 11.5, 9], "texture": "#1"},
				"west": {"uv": [11.5, 7.5, 12, 9], "texture": "#1"},
				"up": {"uv": [10.5, 7.5, 11, 7], "texture": "#1"},
				"down": {"uv": [11, 7.5, 11.5, 7], "texture": "#1"}
			}
		},
		{
			"from": [3.5, 3.6, 7.4],
			"to": [4.7, 6.8, 8.6],
			"rotation": {"angle": -22.5, "axis": "z", "origin": [0, 0, 0]},
			"faces": {
				"north": {"uv": [8.5, 7.5, 9, 9], "texture": "#1"},
				"east": {"uv": [8, 7.5, 8.5, 9], "texture": "#1"},
				"south": {"uv": [9, 7.5, 9.5, 9], "texture": "#1"},
				"west": {"uv": [9.5, 7.5, 10, 9], "texture": "#1"},
				"up": {"uv": [8.5, 7.5, 9, 7], "texture": "#1"},
				"down": {"uv": [9, 7.5, 9.5, 7], "texture": "#1"}
			}
		},
		{
			"from": [8.6, 0.7, 5.35],
			"to": [9.6, 1.7, 8.35],
			"rotation": {"angle": 0, "axis": "x", "origin": [-0.1, 3, 0.25]},
			"faces": {
				"north": {"uv": [0.5, 7, 1, 7.5], "rotation": 180, "texture": "#1"},
				"east": {"uv": [0, 7.5, 0.5, 9], "rotation": 270, "texture": "#1"},
				"south": {"uv": [1, 7, 1.5, 7.5], "texture": "#1"},
				"west": {"uv": [1, 7.5, 1.5, 9], "rotation": 90, "texture": "#1"},
				"up": {"uv": [0.5, 7.5, 1, 9], "rotation": 180, "texture": "#1"},
				"down": {"uv": [1.5, 7.5, 2, 9], "texture": "#1"}
			}
		},
		{
			"from": [8.5, 0.6, 5.25],
			"to": [9.7, 1.8, 8.45],
			"rotation": {"angle": 0, "axis": "x", "origin": [-0.1, 3, 0.25]},
			"faces": {
				"north": {"uv": [2.5, 7, 3, 7.5], "rotation": 180, "texture": "#1"},
				"east": {"uv": [2, 7.5, 2.5, 9], "rotation": 270, "texture": "#1"},
				"south": {"uv": [3, 7, 3.5, 7.5], "texture": "#1"},
				"west": {"uv": [3, 7.5, 3.5, 9], "rotation": 90, "texture": "#1"},
				"up": {"uv": [2.5, 7.5, 3, 9], "rotation": 180, "texture": "#1"},
				"down": {"uv": [3.5, 7.5, 4, 9], "texture": "#1"}
			}
		},
		{
			"from": [6.4, 0.7, 5.35],
			"to": [7.4, 1.7, 8.35],
			"rotation": {"angle": 0, "axis": "x", "origin": [-0.1, 3, 0.25]},
			"faces": {
				"north": {"uv": [4.5, 7, 5, 7.5], "rotation": 180, "texture": "#1"},
				"east": {"uv": [4, 7.5, 4.5, 9], "rotation": 270, "texture": "#1"},
				"south": {"uv": [5, 7, 5.5, 7.5], "texture": "#1"},
				"west": {"uv": [5, 7.5, 5.5, 9], "rotation": 90, "texture": "#1"},
				"up": {"uv": [4.5, 7.5, 5, 9], "rotation": 180, "texture": "#1"},
				"down": {"uv": [5.5, 7.5, 6, 9], "texture": "#1"}
			}
		},
		{
			"from": [6.3, 0.6, 5.25],
			"to": [7.5, 1.8, 8.45],
			"rotation": {"angle": 0, "axis": "x", "origin": [-0.1, 3, 0.25]},
			"faces": {
				"north": {"uv": [6.5, 7, 7, 7.5], "rotation": 180, "texture": "#1"},
				"east": {"uv": [6, 7.5, 6.5, 9], "rotation": 270, "texture": "#1"},
				"south": {"uv": [7, 7, 7.5, 7.5], "texture": "#1"},
				"west": {"uv": [7, 7.5, 7.5, 9], "rotation": 90, "texture": "#1"},
				"up": {"uv": [6.5, 7.5, 7, 9], "rotation": 180, "texture": "#1"},
				"down": {"uv": [7.5, 7.5, 8, 9], "texture": "#1"}
			}
		}
	],
	"display": {
		"thirdperson_righthand": {
			"rotation": [52, 0, 0],
			"translation": [0, 2.75, 3.25],
			"scale": [0.7, 0.7, 0.7]
		},
		"thirdperson_lefthand": {
			"rotation": [52, 0, 0],
			"translation": [0, 2.75, 3.25],
			"scale": [0.7, 0.7, 0.7]
		},
		"firstperson_righthand": {
			"rotation": [0, 102, 0],
			"translation": [0.5, 7.7, 1.25],
			"scale": [0.9, 0.9, 0.9]
		},
		"firstperson_lefthand": {
			"rotation": [0, 102, 0],
			"translation": [0.5, 7.7, 1.25],
			"scale": [0.9, 0.9, 0.9]
		},
		"ground": {
			"translation": [0, 5.5, 0]
		},
		"gui": {
			"rotation": [19, -142, 0],
			"translation": [0, 4.75, 0],
			"scale": [1.4, 1.4, 1.4]
		},
		"head": {
			"translation": [0, 17, 0.75],
			"scale": [1.3, 1.3, 1.3]
		},
		"fixed": {
			"rotation": [-90, 0, 0],
			"translation": [0, 1, -14.5],
			"scale": [2, 2, 2]
		}
	},
	"groups": [
		{
			"name": "head",
			"origin": [0, 0, 0],
			"color": 0,
			"children": [0, 1]
		},
		{
			"name": "body",
			"origin": [8, 8, 8],
			"color": 0,
			"children": [2, 3]
		},
		{
			"name": "rArm",
			"origin": [0, 0, 0],
			"color": 0,
			"children": [4, 5]
		},
		{
			"name": "lArm",
			"origin": [0, 0, 0],
			"color": 0,
			"children": [6, 7]
		},
		{
			"name": "rLeg",
			"origin": [0, 0, 0],
			"color": 0,
			"children": [8, 9]
		},
		{
			"name": "lLeg",
			"origin": [0, 0, 0],
			"color": 0,
			"children": [10, 11]
		}
	]
}