{
	"credit": "Made with Blockbench",
	"texture_size": [64, 64],
	"textures": {
		"0": "item/pepeland/carved_pumpkin/part_1/kyle/kyle",
		"particle": "item/pepeland/carved_pumpkin/part_1/kyle/kyle"
	},
	"elements": [
		{
			"from": [1.65971, -1.83701, 4.96],
			"to": [3.75971, 4.24299, 11.04],
			"rotation": {"angle": -22.5, "axis": "z", "origin": [3.69971, 0.20299, 9]},
			"faces": {
				"north": {"uv": [6.5, 1.5, 7, 3], "texture": "#0"},
				"east": {"uv": [6.5, 0, 8, 1.5], "texture": "#0"},
				"south": {"uv": [2, 6.5, 2.5, 8], "texture": "#0"},
				"west": {"uv": [0.5, 6.5, 2, 8], "texture": "#0"},
				"up": {"uv": [7, 6.5, 6.5, 5], "texture": "#0"},
				"down": {"uv": [7, 6.5, 6.5, 8], "texture": "#0"}
			}
		},
		{
			"from": [12.3, -1.83701, 4.96],
			"to": [14.38, 4.24299, 11.04],
			"rotation": {"angle": 22.5, "axis": "z", "origin": [12.30029, 0.20299, 9]},
			"faces": {
				"north": {"uv": [7, 3, 7.5, 4.5], "texture": "#0"},
				"east": {"uv": [3.5, 6.75, 5, 8.25], "texture": "#0"},
				"south": {"uv": [7, 4.5, 7.5, 6], "texture": "#0"},
				"west": {"uv": [7, 1.5, 8.5, 3], "texture": "#0"},
				"up": {"uv": [5.5, 8.5, 5, 7], "texture": "#0"},
				"down": {"uv": [6, 7, 5.5, 8.5], "texture": "#0"}
			}
		},
		{
			"from": [3, 5.74, 3],
			"to": [13, 10.74, 5],
			"rotation": {"angle": 0, "axis": "y", "origin": [9.5, 6.24, 22]},
			"faces": {
				"north": {"uv": [0, 0, 2.5, 1.25], "texture": "#0"},
				"east": {"uv": [2.5, 0.5, 3, 1.75], "texture": "#0"},
				"south": {"uv": [0, 1.25, 2.5, 2.5], "texture": "#0"},
				"west": {"uv": [2.5, 1.75, 3, 3], "texture": "#0"},
				"up": {"uv": [2.5, 3, 0, 2.5], "texture": "#0"},
				"down": {"uv": [5, 0, 2.5, 0.5], "texture": "#0"}
			}
		},
		{
			"from": [3, 0.4, 11],
			"to": [13, 8.4, 13],
			"rotation": {"angle": 0, "axis": "y", "origin": [0, 0, 14]},
			"faces": {
				"north": {"uv": [3, 3.25, 5.5, 5.25], "texture": "#0"},
				"east": {"uv": [2.5, 4.25, 3, 6.25], "texture": "#0"},
				"south": {"uv": [0, 4.5, 2.5, 6.5], "texture": "#0"},
				"west": {"uv": [3, 5.25, 3.5, 7.25], "texture": "#0"},
				"up": {"uv": [6, 2.25, 3.5, 1.75], "texture": "#0"},
				"down": {"uv": [6, 2.25, 3.5, 2.75], "texture": "#0"}
			}
		},
		{
			"from": [2.96, 0.4, 9],
			"to": [12.96, 3.4, 11],
			"rotation": {"angle": 0, "axis": "y", "origin": [0, 0, 14]},
			"faces": {
				"north": {"uv": [7, 6, 9.5, 6.75], "texture": "#0"},
				"east": {"uv": [6, 7, 6.5, 7.75], "texture": "#0"},
				"south": {"uv": [7, 6.75, 9.5, 7.5], "texture": "#0"},
				"west": {"uv": [3, 7.25, 3.5, 8], "texture": "#0"},
				"up": {"uv": [10, 3.5, 7.5, 3], "texture": "#0"},
				"down": {"uv": [10, 3.5, 7.5, 4], "texture": "#0"}
			}
		},
		{
			"from": [11, 3.4, 5],
			"to": [13, 8.4, 11],
			"rotation": {"angle": 0, "axis": "y", "origin": [0, 0, 14]},
			"faces": {
				"north": {"uv": [2, 3, 2.5, 4.25], "texture": "#0"},
				"east": {"uv": [0, 3, 1.5, 4.25], "texture": "#0"},
				"south": {"uv": [2.5, 3, 3, 4.25], "texture": "#0"},
				"west": {"uv": [3, 0.5, 4.5, 1.75], "texture": "#0"},
				"up": {"uv": [2, 4.5, 1.5, 3], "texture": "#0"},
				"down": {"uv": [3.5, 1.75, 3, 3.25], "texture": "#0"}
			}
		},
		{
			"from": [3, 3.4, 5],
			"to": [5, 8.4, 11],
			"rotation": {"angle": 0, "axis": "y", "origin": [0, 0, 14]},
			"faces": {
				"north": {"uv": [4.5, 0.5, 5, 1.75], "texture": "#0"},
				"east": {"uv": [5.5, 3.75, 7, 5], "texture": "#0"},
				"south": {"uv": [6, 1.5, 6.5, 2.75], "texture": "#0"},
				"west": {"uv": [5, 5.75, 6.5, 7], "texture": "#0"},
				"up": {"uv": [3, 7.75, 2.5, 6.25], "texture": "#0"},
				"down": {"uv": [0.5, 6.5, 0, 8], "texture": "#0"}
			}
		},
		{
			"from": [5, 6.4, 5],
			"to": [11, 8.4, 11],
			"rotation": {"angle": 0, "axis": "y", "origin": [0, 0, 14]},
			"faces": {
				"north": {"uv": [3.5, 2.75, 5, 3.25], "texture": "#0"},
				"east": {"uv": [5, 2.75, 6.5, 3.25], "texture": "#0"},
				"south": {"uv": [5, 5.25, 6.5, 5.75], "texture": "#0"},
				"west": {"uv": [5.5, 3.25, 7, 3.75], "texture": "#0"},
				"up": {"uv": [6.5, 1.5, 5, 0], "texture": "#0"},
				"down": {"uv": [5, 5.25, 3.5, 6.75], "texture": "#0"}
			}
		}
	],
	"gui_light": "front",
	"display": {
		"thirdperson_righthand": {
			"rotation": [64.25, 0, 0],
			"scale": [0.44336, 0.44336, 0.44336]
		},
		"thirdperson_lefthand": {
			"rotation": [64.25, 0, 0],
			"scale": [0.44336, 0.44336, 0.44336]
		},
		"firstperson_righthand": {
			"rotation": [0, 101, 0],
			"translation": [0, 6.25, 0],
			"scale": [0.6, 0.6, 0.6]
		},
		"firstperson_lefthand": {
			"rotation": [0, 101, 0],
			"translation": [0, 6.25, 0],
			"scale": [0.6, 0.6, 0.6]
		},
		"ground": {
			"translation": [0, 4.25, 0],
			"scale": [0.43945, 0.43945, 0.43945]
		},
		"gui": {
			"rotation": [-149.61, -31.92, -180],
			"translation": [0, 2.75, 0],
			"scale": [0.85937, 0.85937, 0.85937]
		},
		"head": {
			"translation": [0, 6.75, 0],
			"scale": [1.6, 1.6, 1.6]
		},
		"fixed": {
			"translation": [0, 3.25, -0.75]
		}
	}
}