{
	"credit": "Made with Blockbench",
	"texture_size": [32, 32],
	"textures": {
		"0": "item/pepeland/carved_pumpkin/part_1/jaba/jaba",
		"particle": "item/pepeland/carved_pumpkin/part_1/jaba/jaba"
	},
	"elements": [
		{
			"from": [4, 3, 4],
			"to": [4, 8, 9],
			"faces": {
				"north": {"uv": [0, 0, 0, 0.5], "texture": "#0"},
				"east": {"uv": [8, 13, 10.5, 13.5], "texture": "#0"},
				"south": {"uv": [0, 0, 0, 0.5], "texture": "#0"},
				"west": {"uv": [8, 13.5, 10.5, 16], "texture": "#0"},
				"up": {"uv": [0, 2.5, 0, 0], "texture": "#0"},
				"down": {"uv": [0, 0, 0, 2.5], "texture": "#0"}
			}
		},
		{
			"from": [12, 3, 4],
			"to": [12, 8, 9],
			"faces": {
				"north": {"uv": [0, 0, 0, 0.5], "texture": "#0"},
				"east": {"uv": [16, 8.5, 13.5, 11], "texture": "#0"},
				"south": {"uv": [0, 0, 0, 0.5], "texture": "#0"},
				"west": {"uv": [8, 13, 10.5, 13.5], "texture": "#0"},
				"up": {"uv": [0, 2.5, 0, 0], "texture": "#0"},
				"down": {"uv": [0, 0, 0, 2.5], "texture": "#0"}
			}
		},
		{
			"from": [4, 3, 4],
			"to": [12, 8, 4],
			"faces": {
				"north": {"uv": [0, 13.5, 4, 16], "texture": "#0"},
				"east": {"uv": [0, 0, 0, 0.5], "texture": "#0"},
				"south": {"uv": [4, 13.5, 8, 16], "texture": "#0"},
				"west": {"uv": [0, 0, 0, 0.5], "texture": "#0"},
				"up": {"uv": [1.5, 0, 0, 0], "texture": "#0"},
				"down": {"uv": [1.5, 0, 0, 0], "texture": "#0"}
			}
		},
		{
			"from": [8.5, 8, 4],
			"to": [12, 10, 8],
			"faces": {
				"north": {"uv": [2, 11, 4, 12], "texture": "#0"},
				"east": {"uv": [0, 11, 2, 12], "texture": "#0"},
				"south": {"uv": [6, 11, 8, 12], "texture": "#0"},
				"west": {"uv": [4, 11, 6, 12], "texture": "#0"},
				"up": {"uv": [3, 10.5, 1, 8.5], "texture": "#0"},
				"down": {"uv": [5, 8.5, 3, 10.5], "texture": "#0"}
			}
		},
		{
			"from": [4, 8, 4],
			"to": [7.5, 10, 8],
			"faces": {
				"north": {"uv": [10, 11, 12, 12], "texture": "#0"},
				"east": {"uv": [8, 11, 10, 12], "texture": "#0"},
				"south": {"uv": [14, 11, 16, 12], "texture": "#0"},
				"west": {"uv": [12, 11, 14, 12], "texture": "#0"},
				"up": {"uv": [11, 10.5, 9, 8.5], "texture": "#0"},
				"down": {"uv": [13, 8.5, 11, 10.5], "texture": "#0"}
			}
		},
		{
			"from": [4, 5, 9],
			"to": [4, 6, 12],
			"faces": {
				"north": {"uv": [16, 7.5, 16, 8.5], "texture": "#0"},
				"east": {"uv": [10.5, 15.5, 12, 16], "texture": "#0"},
				"south": {"uv": [12, 15.5, 16, 16], "texture": "#0"},
				"west": {"uv": [10.5, 15, 12, 15.5], "texture": "#0"},
				"up": {"uv": [16, 10, 16, 8.5], "texture": "#0"},
				"down": {"uv": [16, 8.5, 16, 10], "texture": "#0"}
			}
		},
		{
			"from": [12, 5, 9],
			"to": [12, 6, 12],
			"faces": {
				"north": {"uv": [16, 7.5, 16, 8.5], "texture": "#0"},
				"east": {"uv": [10.5, 15.5, 12, 16], "texture": "#0"},
				"south": {"uv": [12, 15.5, 16, 16], "texture": "#0"},
				"west": {"uv": [10.5, 15, 12, 15.5], "texture": "#0"},
				"up": {"uv": [16, 10, 16, 8.5], "texture": "#0"},
				"down": {"uv": [16, 8.5, 16, 10], "texture": "#0"}
			}
		},
		{
			"from": [4, 5, 12],
			"to": [12, 6, 12],
			"faces": {
				"north": {"uv": [12, 15.5, 16, 16], "texture": "#0"},
				"east": {"uv": [10.5, 15.5, 12, 16], "texture": "#0"},
				"south": {"uv": [12, 15.5, 16, 16], "texture": "#0"},
				"west": {"uv": [10.5, 15, 12, 15.5], "texture": "#0"},
				"up": {"uv": [16, 10, 16, 8.5], "texture": "#0"},
				"down": {"uv": [16, 8.5, 16, 10], "texture": "#0"}
			}
		},
		{
			"from": [4, 8, 4],
			"to": [12, 8, 9],
			"faces": {
				"north": {"uv": [5, 8.5, 9, 8.5], "texture": "#0"},
				"east": {"uv": [5, 8.5, 7.5, 8.5], "texture": "#0"},
				"south": {"uv": [5, 8.5, 9, 8.5], "texture": "#0"},
				"west": {"uv": [5, 8.5, 7.5, 8.5], "texture": "#0"},
				"up": {"uv": [9, 11, 5, 8.5], "texture": "#0"},
				"down": {"uv": [9, 8.5, 5, 11], "texture": "#0"}
			}
		},
		{
			"from": [3.95, 8, 3.95],
			"to": [7.55, 8.6, 5.95],
			"faces": {
				"north": {"uv": [10, 10.5, 12, 11], "texture": "#0"},
				"east": {"uv": [9, 10.5, 10, 11], "texture": "#0"},
				"south": {"uv": [11, 8, 13, 8.5], "texture": "#0"},
				"west": {"uv": [12, 10.5, 13, 11], "texture": "#0"},
				"up": {"uv": [13, 10.5, 11, 9.5], "texture": "#0"},
				"down": {"uv": [13, 8.5, 11, 9.5], "texture": "#0"}
			}
		},
		{
			"from": [8.45, 8, 3.95],
			"to": [12.05, 8.6, 5.95],
			"faces": {
				"north": {"uv": [2, 10.5, 4, 11], "texture": "#0"},
				"east": {"uv": [1, 10.5, 2, 11], "texture": "#0"},
				"south": {"uv": [12.5, 8.5, 14.5, 9], "texture": "#0"},
				"west": {"uv": [4, 10.5, 5, 11], "texture": "#0"},
				"up": {"uv": [9.5, 5, 7.5, 4], "texture": "#0"},
				"down": {"uv": [9.5, 4, 7.5, 5], "texture": "#0"}
			}
		}
	],
	"display": {
		"thirdperson_righthand": {
			"translation": [0, 0, -2],
			"scale": [0.5, 0.5, 0.5]
		},
		"thirdperson_lefthand": {
			"translation": [0, 0, -2],
			"scale": [0.5, 0.5, 0.5]
		},
		"firstperson_righthand": {
			"rotation": [0, 120, 0],
			"translation": [1.5, 4.25, 0],
			"scale": [0.76, 0.76, 0.76]
		},
		"firstperson_lefthand": {
			"rotation": [0, 120, 0],
			"translation": [1.5, 4.5, 0],
			"scale": [0.76, 0.76, 0.76]
		},
		"ground": {
			"translation": [0, 2, 0]
		},
		"gui": {
			"rotation": [0, 180, 0],
			"translation": [0, 1.75, 0],
			"scale": [1.29, 1.29, 1.29]
		},
		"head": {
			"translation": [0, 6.5, 0],
			"scale": [1.9, 1.9, 1.9]
		},
		"fixed": {
			"translation": [0, 1.25, 0],
			"scale": [1.34, 1.34, 1.34]
		}
	}
}