{
	"format_version": "1.21.6",
	"credit": "Made with Blockbench",
	"texture_size": [64, 64],
	"textures": {
		"1": "item/pepeland/carved_pumpkin/part_3/tv/tv"
	},
	"elements": [
		{
			"from": [1, 0, 3],
			"to": [15, 3, 14],
			"rotation": {"angle": 0, "axis": "y", "origin": [1, 0, 3]},
			"faces": {
				"north": {"uv": [11, 3, 14.5, 3.75], "texture": "#1"},
				"east": {"uv": [11, 4.5, 13.75, 5.25], "texture": "#1"},
				"south": {"uv": [11, 3.75, 14.5, 4.5], "texture": "#1"},
				"west": {"uv": [11, 5.25, 13.75, 6], "texture": "#1"},
				"up": {"uv": [7, 2.75, 3.5, 0], "texture": "#1"},
				"down": {"uv": [7, 2.75, 3.5, 5.5], "texture": "#1"}
			}
		},
		{
			"from": [0, 2, 2],
			"to": [16, 4, 11],
			"rotation": {"angle": 0, "axis": "y", "origin": [1, 0, 3]},
			"faces": {
				"north": {"uv": [11, 6, 15, 6.5], "texture": "#1"},
				"east": {"uv": [3.5, 11, 5.75, 11.5], "texture": "#1"},
				"south": {"uv": [11, 6.5, 15, 7], "texture": "#1"},
				"west": {"uv": [11, 8, 13.25, 8.5], "texture": "#1"},
				"up": {"uv": [11, 2.25, 7, 0], "texture": "#1"},
				"down": {"uv": [11, 2.25, 7, 4.5], "texture": "#1"}
			}
		},
		{
			"from": [15, 4, 2],
			"to": [16, 15, 11],
			"rotation": {"angle": 0, "axis": "y", "origin": [1, 0, 3]},
			"faces": {
				"north": {"uv": [3.5, 11.5, 3.75, 14.25], "texture": "#1"},
				"east": {"uv": [3.5, 8.25, 5.75, 11], "texture": "#1"},
				"south": {"uv": [3.75, 11.5, 4, 14.25], "texture": "#1"},
				"west": {"uv": [0, 8.75, 2.25, 11.5], "texture": "#1"},
				"up": {"uv": [4.75, 13.75, 4.5, 11.5], "texture": "#1"},
				"down": {"uv": [5, 11.5, 4.75, 13.75], "texture": "#1"}
			}
		},
		{
			"from": [0, 4, 2],
			"to": [1, 15, 11],
			"rotation": {"angle": 0, "axis": "y", "origin": [-14, 0, 3]},
			"faces": {
				"north": {"uv": [4, 11.5, 4.25, 14.25], "texture": "#1"},
				"east": {"uv": [5.75, 9, 8, 11.75], "texture": "#1"},
				"south": {"uv": [4.25, 11.5, 4.5, 14.25], "texture": "#1"},
				"west": {"uv": [8, 9, 10.25, 11.75], "texture": "#1"},
				"up": {"uv": [5.25, 13.75, 5, 11.5], "texture": "#1"},
				"down": {"uv": [5.5, 11.5, 5.25, 13.75], "texture": "#1"}
			}
		},
		{
			"from": [0, 15, 2],
			"to": [16, 17, 11],
			"rotation": {"angle": 0, "axis": "y", "origin": [1, 13, 3]},
			"faces": {
				"north": {"uv": [11, 7, 15, 7.5], "texture": "#1"},
				"east": {"uv": [11, 8.5, 13.25, 9], "texture": "#1"},
				"south": {"uv": [11, 7.5, 15, 8], "texture": "#1"},
				"west": {"uv": [0, 11.5, 2.25, 12], "texture": "#1"},
				"up": {"uv": [11, 6.75, 7, 4.5], "texture": "#1"},
				"down": {"uv": [11, 6.75, 7, 9], "texture": "#1"}
			}
		},
		{
			"from": [1, 3, 11],
			"to": [15, 15, 16],
			"rotation": {"angle": 0, "axis": "y", "origin": [1, 0, 3]},
			"faces": {
				"north": {"uv": [0, 0, 3.5, 3], "texture": "#1"},
				"east": {"uv": [2.25, 8.75, 3.5, 11.75], "texture": "#1"},
				"south": {"uv": [0, 3, 3.5, 6], "texture": "#1"},
				"west": {"uv": [11, 0, 12.25, 3], "texture": "#1"},
				"up": {"uv": [13.75, 10.25, 10.25, 9], "texture": "#1"},
				"down": {"uv": [13.75, 10.25, 10.25, 11.5], "texture": "#1"}
			}
		},
		{
			"from": [1, 4, 3],
			"to": [15, 15, 3],
			"rotation": {"angle": 0, "axis": "y", "origin": [1, 0, 3]},
			"faces": {
				"north": {"uv": [3.5, 5.5, 7, 8.25], "texture": "#1"},
				"east": {"uv": [0, 0, 0, 2.75], "texture": "#1"},
				"south": {"uv": [0, 6, 3.5, 8.75], "texture": "#1"},
				"west": {"uv": [0, 0, 0, 2.75], "texture": "#1"},
				"up": {"uv": [3.5, 0, 0, 0], "texture": "#1"},
				"down": {"uv": [3.5, 0, 0, 0], "texture": "#1"}
			}
		}
	],
	"display": {
		"thirdperson_righthand": {
			"translation": [0, 1, 0],
			"scale": [0.35, 0.35, 0.35]
		},
		"thirdperson_lefthand": {
			"translation": [0, 1, 0],
			"scale": [0.35, 0.35, 0.35]
		},
		"firstperson_righthand": {
			"rotation": [0, 112, 0],
			"translation": [0, 2, 0],
			"scale": [0.55, 0.55, 0.55]
		},
		"firstperson_lefthand": {
			"rotation": [0, 112, 0],
			"translation": [0, 2, 0],
			"scale": [0.55, 0.55, 0.55]
		},
		"ground": {
			"translation": [0, 1.75, 0],
			"scale": [0.47, 0.47, 0.47]
		},
		"gui": {
			"rotation": [27, -142, 0],
			"translation": [0, -0.25, 0],
			"scale": [0.63, 0.63, 0.63]
		},
		"head": {
			"translation": [0, -1.75, -1.5],
			"scale": [1.24, 1.24, 1.24]
		},
		"fixed": {
			"rotation": [-90, 0, 0],
			"translation": [0, 0, -13.5],
			"scale": [1.69, 1.69, 1.69]
		}
	}
}