{
	"credit": "Made with Blockbench",
	"texture_size": [32, 32],
	"textures": {
		"0": "item/pepeland/carved_pumpkin/part_1/seastar/seastar",
		"particle": "item/pepeland/carved_pumpkin/part_1/seastar/seastar"
	},
	"elements": [
		{
			"from": [5, 0, 6],
			"to": [11, 2, 12],
			"rotation": {"angle": 0, "axis": "y", "origin": [5, 0, 6]},
			"faces": {
				"north": {"uv": [3, 0, 6, 1], "texture": "#0"},
				"east": {"uv": [3, 1, 6, 2], "texture": "#0"},
				"south": {"uv": [3, 2, 6, 3], "texture": "#0"},
				"west": {"uv": [3, 3, 6, 4], "texture": "#0"},
				"up": {"uv": [3, 3, 0, 0], "texture": "#0"},
				"down": {"uv": [3, 3, 0, 6], "texture": "#0"}
			}
		},
		{
			"from": [7, 0.25, 12],
			"to": [9, 1.75, 14],
			"rotation": {"angle": 0, "axis": "y", "origin": [7, 0.25, 12]},
			"faces": {
				"north": {"uv": [4.5, 6, 5.5, 7], "texture": "#0"},
				"east": {"uv": [5.5, 6, 6.5, 7], "texture": "#0"},
				"south": {"uv": [2.5, 6.5, 3.5, 7.5], "texture": "#0"},
				"west": {"uv": [3.5, 6.5, 4.5, 7.5], "texture": "#0"},
				"up": {"uv": [7.5, 4.5, 6.5, 3.5], "texture": "#0"},
				"down": {"uv": [7.5, 4.5, 6.5, 5.5], "texture": "#0"}
			}
		},
		{
			"from": [7.25, 0.5, 14],
			"to": [8.75, 1.5, 17],
			"rotation": {"angle": 0, "axis": "y", "origin": [7.25, 0.5, 14]},
			"faces": {
				"north": {"uv": [8.5, 6, 9.5, 6.5], "texture": "#0"},
				"east": {"uv": [8.5, 1, 10, 1.5], "texture": "#0"},
				"south": {"uv": [8.5, 6.5, 9.5, 7], "texture": "#0"},
				"west": {"uv": [8.5, 1.5, 10, 2], "texture": "#0"},
				"up": {"uv": [4, 5.5, 3, 4], "texture": "#0"},
				"down": {"uv": [5, 4, 4, 5.5], "texture": "#0"}
			}
		},
		{
			"from": [12.175, 0.5, 10.525],
			"to": [15.175, 1.5, 12.025],
			"rotation": {"angle": -22.5, "axis": "y", "origin": [12.175, 0.5, 12.025]},
			"faces": {
				"north": {"uv": [2, 8.5, 3.5, 9], "texture": "#0"},
				"east": {"uv": [8.5, 7, 9.5, 7.5], "texture": "#0"},
				"south": {"uv": [8.5, 3, 10, 3.5], "texture": "#0"},
				"west": {"uv": [8.5, 7.5, 9.5, 8], "texture": "#0"},
				"up": {"uv": [6.5, 5, 5, 4], "texture": "#0"},
				"down": {"uv": [6.5, 5, 5, 6], "texture": "#0"}
			}
		},
		{
			"from": [12.25, 0.5, 4.35],
			"to": [15.25, 1.5, 5.85],
			"rotation": {"angle": 45, "axis": "y", "origin": [12.25, 0.5, 5.85]},
			"faces": {
				"north": {"uv": [8.5, 3.5, 10, 4], "texture": "#0"},
				"east": {"uv": [8.5, 8, 9.5, 8.5], "texture": "#0"},
				"south": {"uv": [8.5, 4, 10, 4.5], "texture": "#0"},
				"west": {"uv": [8.5, 8.5, 9.5, 9], "texture": "#0"},
				"up": {"uv": [4.5, 6.5, 3, 5.5], "texture": "#0"},
				"down": {"uv": [1.5, 6, 0, 7], "texture": "#0"}
			}
		},
		{
			"from": [10.225, 0.25, 9.5],
			"to": [12.225, 1.75, 11.5],
			"rotation": {"angle": -22.5, "axis": "y", "origin": [10.225, 0.25, 11.5]},
			"faces": {
				"north": {"uv": [6.5, 5.5, 7.5, 6.5], "texture": "#0"},
				"east": {"uv": [6.5, 6.5, 7.5, 7.5], "texture": "#0"},
				"south": {"uv": [0, 7, 1, 8], "texture": "#0"},
				"west": {"uv": [7, 2, 8, 3], "texture": "#0"},
				"up": {"uv": [5.5, 8, 4.5, 7], "texture": "#0"},
				"down": {"uv": [6.5, 7, 5.5, 8], "texture": "#0"}
			}
		},
		{
			"from": [0.275, 0.5, 10.675],
			"to": [3.275, 1.5, 12.175],
			"rotation": {"angle": 22.5, "axis": "y", "origin": [3.275, 0.5, 10.675]},
			"faces": {
				"north": {"uv": [8.5, 4.5, 10, 5], "texture": "#0"},
				"east": {"uv": [0, 9, 1, 9.5], "texture": "#0"},
				"south": {"uv": [8.5, 5, 10, 5.5], "texture": "#0"},
				"west": {"uv": [2, 9, 3, 9.5], "texture": "#0"},
				"up": {"uv": [7.5, 1, 6, 0], "texture": "#0"},
				"down": {"uv": [7.5, 1, 6, 2], "texture": "#0"}
			}
		},
		{
			"from": [3, 0.25, 9.65],
			"to": [5, 1.75, 11.65],
			"rotation": {"angle": 22.5, "axis": "y", "origin": [5, 0.25, 9.65]},
			"faces": {
				"north": {"uv": [7.5, 4, 8.5, 5], "texture": "#0"},
				"east": {"uv": [7.5, 5, 8.5, 6], "texture": "#0"},
				"south": {"uv": [7.5, 6, 8.5, 7], "texture": "#0"},
				"west": {"uv": [6.5, 7.5, 7.5, 8.5], "texture": "#0"},
				"up": {"uv": [8.5, 8, 7.5, 7], "texture": "#0"},
				"down": {"uv": [1, 8, 0, 9], "texture": "#0"}
			}
		},
		{
			"from": [11, 0.25, 5.425],
			"to": [13, 1.75, 7.425],
			"rotation": {"angle": 45, "axis": "y", "origin": [11, 0.25, 7.425]},
			"faces": {
				"north": {"uv": [7.5, 0, 8.5, 1], "texture": "#0"},
				"east": {"uv": [1, 7.5, 2, 8.5], "texture": "#0"},
				"south": {"uv": [7.5, 1, 8.5, 2], "texture": "#0"},
				"west": {"uv": [2, 7.5, 3, 8.5], "texture": "#0"},
				"up": {"uv": [4, 8.5, 3, 7.5], "texture": "#0"},
				"down": {"uv": [8.5, 3, 7.5, 4], "texture": "#0"}
			}
		},
		{
			"from": [3.325, 0.5, 1.8],
			"to": [4.825, 1.5, 4.8],
			"rotation": {"angle": 45, "axis": "y", "origin": [4.825, 0.5, 4.8]},
			"faces": {
				"north": {"uv": [9, 2, 10, 2.5], "texture": "#0"},
				"east": {"uv": [8.5, 5.5, 10, 6], "texture": "#0"},
				"south": {"uv": [9, 2.5, 10, 3], "texture": "#0"},
				"west": {"uv": [6, 8.5, 7.5, 9], "texture": "#0"},
				"up": {"uv": [2.5, 7.5, 1.5, 6], "texture": "#0"},
				"down": {"uv": [7, 2, 6, 3.5], "texture": "#0"}
			}
		},
		{
			"from": [4.425, 0.25, 4.025],
			"to": [6.425, 1.75, 6.025],
			"rotation": {"angle": 45, "axis": "y", "origin": [6.425, 0.25, 6.025]},
			"faces": {
				"north": {"uv": [8, 2, 9, 3], "texture": "#0"},
				"east": {"uv": [4, 8, 5, 9], "texture": "#0"},
				"south": {"uv": [5, 8, 6, 9], "texture": "#0"},
				"west": {"uv": [7.5, 8, 8.5, 9], "texture": "#0"},
				"up": {"uv": [9.5, 1, 8.5, 0], "texture": "#0"},
				"down": {"uv": [2, 8.5, 1, 9.5], "texture": "#0"}
			}
		}
	],
	"display": {
		"thirdperson_righthand": {
			"rotation": [-90, 0, 0],
			"translation": [0, 1, -4.25],
			"scale": [0.5, 0.5, 0.5]
		},
		"thirdperson_lefthand": {
			"rotation": [-90, 0, 0],
			"translation": [0, 1, -4.25],
			"scale": [0.5, 0.5, 0.5]
		},
		"firstperson_righthand": {
			"rotation": [-103, 17, 111],
			"translation": [-4.5, 4.75, 4],
			"scale": [0.44, 0.44, 0.44]
		},
		"firstperson_lefthand": {
			"rotation": [-103, 17, 111],
			"translation": [-4.5, 4.75, 4],
			"scale": [0.44, 0.44, 0.44]
		},
		"ground": {
			"translation": [0, 2.25, 0],
			"scale": [0.69, 0.69, 0.69]
		},
		"gui": {
			"rotation": [-107, 26, 148],
			"translation": [-3.25, 2, 0],
			"scale": [0.86, 0.86, 0.86]
		},
		"head": {
			"rotation": [0, -21, 0],
			"translation": [0, 13.5, -1],
			"scale": [0.83, 0.83, 0.83]
		},
		"fixed": {
			"rotation": [-90, 0, 0],
			"translation": [0, -2, -12.25],
			"scale": [1.58, 1.58, 1.58]
		}
	}
}