{
	"credit": "Made with Blockbench",
	"textures": {
		"1": "item/pepeland/carved_pumpkin/part_1/beach_paname/rakushechki",
		"2": "item/pepeland/carved_pumpkin/part_1/beach_paname/beach_paname",
		"particle": "item/pepeland/carved_pumpkin/part_1/beach_paname/rakushechki"
	},
	"elements": [
		{
			"from": [4, 1, 4],
			"to": [12, 4, 12],
			"faces": {
				"north": {"uv": [1, 5.25, 3, 6], "texture": "#2"},
				"east": {"uv": [5.25, 4, 7.25, 4.75], "texture": "#2"},
				"south": {"uv": [5.25, 5, 7.25, 5.75], "texture": "#2"},
				"west": {"uv": [5.5, 0, 7.5, 0.75], "texture": "#2"},
				"up": {"uv": [2, 2, 0, 0], "texture": "#2"},
				"down": {"uv": [2, 2.25, 0, 4.25], "texture": "#2"}
			}
		},
		{
			"from": [11.895, 0.995, 1.995],
			"to": [14.905, 1.005, 14.005],
			"rotation": {"angle": -45, "axis": "z", "origin": [12, 1, 8]},
			"faces": {
				"north": {"uv": [2, 7.5, 2.75, 7.5], "texture": "#2"},
				"east": {"uv": [7.5, 2.25, 10.5, 2.25], "texture": "#2"},
				"south": {"uv": [7.5, 2.5, 8.25, 2.5], "texture": "#2"},
				"west": {"uv": [7.5, 2.75, 10.5, 2.75], "texture": "#2"},
				"up": {"uv": [3, 5, 2.25, 2], "texture": "#2"},
				"down": {"uv": [4, 2, 3.25, 5], "texture": "#2"}
			}
		},
		{
			"from": [1.095, 0.995, 1.995],
			"to": [4.105, 1.005, 14.005],
			"rotation": {"angle": 45, "axis": "z", "origin": [4, 1, 8]},
			"faces": {
				"north": {"uv": [7.5, 4, 8.25, 4], "texture": "#2"},
				"east": {"uv": [7.5, 4.25, 10.5, 4.25], "texture": "#2"},
				"south": {"uv": [7.5, 4.5, 8.25, 4.5], "texture": "#2"},
				"west": {"uv": [7.5, 4.75, 10.5, 4.75], "texture": "#2"},
				"up": {"uv": [5, 7, 4.25, 4], "texture": "#2"},
				"down": {"uv": [0.75, 4.5, 0, 7.5], "texture": "#2"}
			}
		},
		{
			"from": [1.995, 0.995, 1.095],
			"to": [14.005, 1.005, 4.105],
			"rotation": {"angle": -45, "axis": "x", "origin": [8, 1, 4]},
			"faces": {
				"north": {"uv": [5.5, 1.75, 8.5, 1.75], "texture": "#2"},
				"east": {"uv": [7, 7.25, 7.75, 7.25], "texture": "#2"},
				"south": {"uv": [7.5, 2, 10.5, 2], "texture": "#2"},
				"west": {"uv": [1, 7.5, 1.75, 7.5], "texture": "#2"},
				"up": {"uv": [5.25, 0.75, 2.25, 0], "texture": "#2"},
				"down": {"uv": [5.25, 1, 2.25, 1.75], "texture": "#2"}
			}
		},
		{
			"from": [1.995, 0.995, 11.895],
			"to": [14.005, 1.005, 14.905],
			"rotation": {"angle": 45, "axis": "x", "origin": [8, 1, 12]},
			"faces": {
				"north": {"uv": [7.5, 3, 10.5, 3], "texture": "#2"},
				"east": {"uv": [7.5, 3.25, 8.25, 3.25], "texture": "#2"},
				"south": {"uv": [7.5, 3.5, 10.5, 3.5], "texture": "#2"},
				"west": {"uv": [7.5, 3.75, 8.25, 3.75], "texture": "#2"},
				"up": {"uv": [7.25, 2.75, 4.25, 2], "texture": "#2"},
				"down": {"uv": [7.25, 3, 4.25, 3.75], "texture": "#2"}
			}
		},
		{
			"from": [13.75, -0.75, 9],
			"to": [14.5, 1.25, 11],
			"rotation": {"angle": 45, "axis": "z", "origin": [13.75, -0.75, 9]},
			"faces": {
				"north": {"uv": [7, 6, 8, 8], "texture": "#1"},
				"east": {"uv": [2, 4, 4, 6], "texture": "#1"},
				"south": {"uv": [0, 8, 1, 10], "texture": "#1"},
				"west": {"uv": [4, 2, 6, 4], "texture": "#1"},
				"up": {"uv": [9, 2, 8, 0], "texture": "#1"},
				"down": {"uv": [2, 8, 1, 10], "texture": "#1"}
			}
		},
		{
			"from": [7.75, -0.75, 1.5],
			"to": [9.75, 1.25, 2.25],
			"rotation": {"angle": 45, "axis": "x", "origin": [7.75, -0.75, 2.25]},
			"faces": {
				"north": {"uv": [4, 4, 6, 6], "texture": "#1"},
				"east": {"uv": [2, 8, 3, 10], "texture": "#1"},
				"south": {"uv": [0, 6, 2, 8], "texture": "#1"},
				"west": {"uv": [8, 2, 9, 4], "texture": "#1"},
				"up": {"uv": [5, 9, 3, 8], "texture": "#1"},
				"down": {"uv": [7, 8, 5, 9], "texture": "#1"}
			}
		},
		{
			"from": [8.5, -0.175, 13.5],
			"to": [10.5, 1.825, 14.25],
			"rotation": {"angle": -45, "axis": "x", "origin": [8.5, -0.175, 14.25]},
			"faces": {
				"north": {"uv": [0, 4, 2, 6], "texture": "#1"},
				"east": {"uv": [7, 0, 8, 2], "texture": "#1"},
				"south": {"uv": [4, 0, 6, 2], "texture": "#1"},
				"west": {"uv": [7, 2, 8, 4], "texture": "#1"},
				"up": {"uv": [9, 5, 7, 4], "texture": "#1"},
				"down": {"uv": [9, 5, 7, 6], "texture": "#1"}
			}
		},
		{
			"from": [1.925, 0, 4.75],
			"to": [2.675, 2, 6.75],
			"rotation": {"angle": -45, "axis": "z", "origin": [1.925, 0, 4.75]},
			"faces": {
				"north": {"uv": [4, 6, 5, 8], "texture": "#1"},
				"east": {"uv": [2, 0, 4, 2], "texture": "#1"},
				"south": {"uv": [6, 4, 7, 6], "texture": "#1"},
				"west": {"uv": [2, 2, 4, 4], "texture": "#1"},
				"up": {"uv": [6, 8, 5, 6], "texture": "#1"},
				"down": {"uv": [7, 6, 6, 8], "texture": "#1"}
			}
		},
		{
			"from": [1.6, -0.325, 10],
			"to": [2.35, 1.675, 12],
			"rotation": {"angle": -45, "axis": "z", "origin": [1.6, -0.325, 10]},
			"faces": {
				"north": {"uv": [6, 0, 7, 2], "texture": "#1"},
				"east": {"uv": [0, 0, 2, 2], "texture": "#1"},
				"south": {"uv": [2, 6, 3, 8], "texture": "#1"},
				"west": {"uv": [0, 2, 2, 4], "texture": "#1"},
				"up": {"uv": [7, 4, 6, 2], "texture": "#1"},
				"down": {"uv": [4, 6, 3, 8], "texture": "#1"}
			}
		},
		{
			"from": [7, 4, 7],
			"to": [9, 5, 9],
			"rotation": {"angle": 0, "axis": "y", "origin": [7, 4, 7]},
			"faces": {
				"north": {"uv": [1, 6, 3, 7], "texture": "#2"},
				"east": {"uv": [7, 6, 9, 7], "texture": "#2"},
				"south": {"uv": [8, 0, 10, 1], "texture": "#2"},
				"west": {"uv": [1, 8, 3, 9], "texture": "#2"},
				"up": {"uv": [7, 8, 5, 6], "texture": "#2"},
				"down": {"uv": [5, 7, 3, 9], "texture": "#2"}
			}
		},
		{
			"from": [5.6, 4, 6.3],
			"to": [6.6, 4.5, 8.3],
			"rotation": {"angle": 45, "axis": "y", "origin": [5.6, 4, 6.3]},
			"faces": {
				"north": {"uv": [2, 10, 3, 10.5], "texture": "#2"},
				"east": {"uv": [5, 9, 7, 9.5], "texture": "#2"},
				"south": {"uv": [9, 10, 10, 10.5], "texture": "#2"},
				"west": {"uv": [9, 6, 11, 6.5], "texture": "#2"},
				"up": {"uv": [4, 7, 3, 5], "texture": "#2"},
				"down": {"uv": [1, 8, 0, 10], "texture": "#2"}
			}
		},
		{
			"from": [6.3, 4, 9.4],
			"to": [8.3, 4.5, 10.4],
			"rotation": {"angle": 45, "axis": "y", "origin": [6.3, 4, 10.4]},
			"faces": {
				"north": {"uv": [9, 7, 11, 7.5], "texture": "#2"},
				"east": {"uv": [10, 9, 11, 9.5], "texture": "#2"},
				"south": {"uv": [8, 9, 10, 9.5], "texture": "#2"},
				"west": {"uv": [10, 10, 11, 10.5], "texture": "#2"},
				"up": {"uv": [7, 9, 5, 8], "texture": "#2"},
				"down": {"uv": [10, 5, 8, 6], "texture": "#2"}
			}
		},
		{
			"from": [8.75, 4, 8.45],
			"to": [9.75, 4.5, 10.45],
			"rotation": {"angle": 22.5, "axis": "y", "origin": [9.75, 4, 10.45]},
			"faces": {
				"north": {"uv": [0, 11, 1, 11.5], "texture": "#2"},
				"east": {"uv": [9, 8, 11, 8.5], "texture": "#2"},
				"south": {"uv": [1, 11, 2, 11.5], "texture": "#2"},
				"west": {"uv": [0, 10, 2, 10.5], "texture": "#2"},
				"up": {"uv": [8, 10, 7, 8], "texture": "#2"},
				"down": {"uv": [9, 7, 8, 9], "texture": "#2"}
			}
		},
		{
			"from": [8.825, 4, 5.15],
			"to": [9.825, 4.5, 7.15],
			"rotation": {"angle": -22.5, "axis": "y", "origin": [8.825, 4, 5.15]},
			"faces": {
				"north": {"uv": [11, 2, 12, 2.5], "texture": "#2"},
				"east": {"uv": [10, 5, 12, 5.5], "texture": "#2"},
				"south": {"uv": [3, 11, 4, 11.5], "texture": "#2"},
				"west": {"uv": [7, 10, 9, 10.5], "texture": "#2"},
				"up": {"uv": [4, 11, 3, 9], "texture": "#2"},
				"down": {"uv": [5, 9, 4, 11], "texture": "#2"}
			}
		},
		{
			"from": [9, 4, 7.475],
			"to": [11, 4.5, 8.475],
			"rotation": {"angle": 0, "axis": "y", "origin": [11, 4, 7.475]},
			"faces": {
				"north": {"uv": [10, 0, 12, 0.5], "texture": "#2"},
				"east": {"uv": [11, 1, 12, 1.5], "texture": "#2"},
				"south": {"uv": [5, 10, 7, 10.5], "texture": "#2"},
				"west": {"uv": [2, 11, 3, 11.5], "texture": "#2"},
				"up": {"uv": [3, 10, 1, 9], "texture": "#2"},
				"down": {"uv": [11, 1, 9, 2], "texture": "#2"}
			}
		}
	],
	"display": {
		"thirdperson_righthand": {
			"translation": [0, 4.25, 0],
			"scale": [0.5, 0.5, 0.5]
		},
		"thirdperson_lefthand": {
			"translation": [0, 4.25, 0],
			"scale": [0.5, 0.5, 0.5]
		},
		"firstperson_righthand": {
			"rotation": [0, 127, 0],
			"translation": [-0.5, 9.25, -0.75],
			"scale": [0.77, 0.77, 0.77]
		},
		"firstperson_lefthand": {
			"rotation": [0, 127, 0],
			"translation": [-0.5, 9.25, -0.75],
			"scale": [0.77, 0.77, 0.77]
		},
		"ground": {
			"translation": [0, 1.75, 0],
			"scale": [0.48, 0.48, 0.48]
		},
		"gui": {
			"rotation": [36, -132, 0],
			"translation": [0, 5, 0],
			"scale": [0.81, 0.81, 0.81]
		},
		"head": {
			"translation": [0, 19.5, 0],
			"scale": [2, 2, 2]
		},
		"fixed": {
			"rotation": [-90, 0, 0],
			"translation": [0, 0, -21],
			"scale": [2.33, 2.33, 2.33]
		}
	}
}