{
	"credit": "By Kudryavyy",
	"texture_size": [32, 32],
	"textures": {
		"1": "item/pepeland/carved_pumpkin/part_1/headphones/headphones"
	},
	"elements": [
		{
			"from": [11.5, 0, 6],
			"to": [13.5, 5, 11],
			"rotation": {"angle": 0, "axis": "y", "origin": [6.5, 9, 8]},
			"faces": {
				"north": {"uv": [2, 5, 1, 7.5], "texture": "#1"},
				"east": {"uv": [2.5, 0, 0, 2.5], "texture": "#1"},
				"south": {"uv": [1, 5, 0, 7.5], "texture": "#1"},
				"west": {"uv": [0, 2.5, 2.5, 5], "texture": "#1"},
				"up": {"uv": [2.5, 7.5, 0, 8.5], "rotation": 90, "texture": "#1"},
				"down": {"uv": [2.5, 8.5, 0, 9.5], "rotation": 270, "texture": "#1"}
			}
		},
		{
			"from": [2.5, 0, 6],
			"to": [4.5, 5, 11],
			"rotation": {"angle": 0, "axis": "y", "origin": [6.5, 9, 8]},
			"faces": {
				"north": {"uv": [2.5, 5, 3.5, 7.5], "texture": "#1"},
				"east": {"uv": [2.5, 2.5, 5, 5], "texture": "#1"},
				"south": {"uv": [3.5, 5, 4.5, 7.5], "texture": "#1"},
				"west": {"uv": [5, 0, 2.5, 2.5], "rotation": 270, "texture": "#1"},
				"up": {"uv": [2.5, 7.5, 5, 8.5], "rotation": 90, "texture": "#1"},
				"down": {"uv": [2.5, 8.5, 5, 9.5], "rotation": 270, "texture": "#1"}
			}
		},
		{
			"from": [12, 5, 7.5],
			"to": [13, 8, 9.5],
			"rotation": {"angle": 0, "axis": "y", "origin": [6.5, 9, 8]},
			"faces": {
				"north": {"uv": [5, 0, 5.5, 1.5], "texture": "#1"},
				"east": {"uv": [5, 1.5, 6, 3], "texture": "#1"},
				"south": {"uv": [5.5, 0, 6, 1.5], "texture": "#1"},
				"west": {"uv": [5, 3, 6, 4.5], "texture": "#1"},
				"up": {"uv": [5, 4.5, 6, 5], "rotation": 90, "texture": "#1"},
				"down": {"uv": [0, 0, 2, 1], "rotation": 270, "texture": "#1"}
			}
		},
		{
			"from": [4, 7, 7.5],
			"to": [12, 8, 9.5],
			"rotation": {"angle": 0, "axis": "y", "origin": [6.5, 9, 8]},
			"faces": {
				"north": {"uv": [7, 0.5, 11, 1], "texture": "#1"},
				"east": {"uv": [0, 0, 2, 1], "texture": "#1"},
				"south": {"uv": [7, 0, 11, 0.5], "texture": "#1"},
				"west": {"uv": [0, 0, 2, 1], "texture": "#1"},
				"up": {"uv": [7, 1, 8, 5], "rotation": 90, "texture": "#1"},
				"down": {"uv": [8, 1, 9, 5], "rotation": 270, "texture": "#1"}
			}
		},
		{
			"from": [3, 5, 7.5],
			"to": [4, 8, 9.5],
			"rotation": {"angle": 0, "axis": "y", "origin": [6.5, 9, 8]},
			"faces": {
				"north": {"uv": [6, 0, 6.5, 1.5], "texture": "#1"},
				"east": {"uv": [6, 3, 7, 4.5], "texture": "#1"},
				"south": {"uv": [6.5, 0, 7, 1.5], "texture": "#1"},
				"west": {"uv": [6, 1.5, 7, 3], "texture": "#1"},
				"up": {"uv": [6, 4.5, 7, 5], "rotation": 90, "texture": "#1"},
				"down": {"uv": [0, 0, 2, 1], "rotation": 270, "texture": "#1"}
			}
		},
		{
			"from": [6, 6.9, 7.4],
			"to": [10, 8.1, 9.65],
			"rotation": {"angle": 0, "axis": "y", "origin": [3, -1, -0.5]},
			"faces": {
				"north": {"uv": [2, 9.5, 4, 10], "texture": "#1"},
				"east": {"uv": [2, 11, 3, 11.5], "texture": "#1"},
				"south": {"uv": [4, 10, 2, 10.5], "texture": "#1"},
				"west": {"uv": [2, 10.5, 3, 11], "texture": "#1"},
				"up": {"uv": [0, 10.5, 2, 11.5], "texture": "#1"},
				"down": {"uv": [0, 9.5, 2, 10.5], "texture": "#1"}
			}
		},
		{
			"from": [11.4, -0.1, 10],
			"to": [12.5, 5.1, 11.1],
			"faces": {
				"north": {"uv": [7, 7.5, 7.5, 10], "texture": "#1"},
				"east": {"uv": [7.5, 7.5, 8, 10], "texture": "#1"},
				"south": {"uv": [8, 5, 8.5, 7.5], "texture": "#1"},
				"west": {"uv": [8, 7.5, 8.5, 10], "texture": "#1"},
				"up": {"uv": [10.5, 4.5, 10, 4], "texture": "#1"},
				"down": {"uv": [5, 10, 4.5, 10.5], "texture": "#1"}
			}
		},
		{
			"from": [11.4, -0.1, 5.9],
			"to": [12.5, 5.1, 7],
			"faces": {
				"north": {"uv": [7.5, 5, 8, 7.5], "texture": "#1"},
				"east": {"uv": [5.5, 7.5, 6, 10], "texture": "#1"},
				"south": {"uv": [6, 7.5, 6.5, 10], "texture": "#1"},
				"west": {"uv": [6.5, 7.5, 7, 10], "texture": "#1"},
				"up": {"uv": [10.5, 3, 10, 2.5], "texture": "#1"},
				"down": {"uv": [10.5, 3, 10, 3.5], "texture": "#1"}
			}
		},
		{
			"from": [3.5, -0.1, 10],
			"to": [4.6, 5.1, 11.1],
			"faces": {
				"north": {"uv": [2, 5, 2.5, 7.5], "texture": "#1"},
				"east": {"uv": [4.5, 5, 5, 7.5], "texture": "#1"},
				"south": {"uv": [5, 5, 5.5, 7.5], "texture": "#1"},
				"west": {"uv": [5.5, 5, 6, 7.5], "texture": "#1"},
				"up": {"uv": [10, 7.5, 9.5, 7], "texture": "#1"},
				"down": {"uv": [10, 7.5, 9.5, 8], "texture": "#1"}
			}
		},
		{
			"from": [3.5, -0.1, 5.9],
			"to": [4.6, 5.1, 7],
			"faces": {
				"north": {"uv": [6, 5, 6.5, 7.5], "texture": "#1"},
				"east": {"uv": [6.5, 5, 7, 7.5], "texture": "#1"},
				"south": {"uv": [7, 5, 7.5, 7.5], "texture": "#1"},
				"west": {"uv": [5, 7.5, 5.5, 10], "texture": "#1"},
				"up": {"uv": [10, 10, 9.5, 9.5], "texture": "#1"},
				"down": {"uv": [10.5, 2, 10, 2.5], "texture": "#1"}
			}
		},
		{
			"from": [3.5, 4, 7],
			"to": [4.6, 5.1, 10],
			"faces": {
				"north": {"uv": [4, 9.5, 4.5, 10], "texture": "#1"},
				"east": {"uv": [8.5, 5, 10, 5.5], "texture": "#1"},
				"south": {"uv": [4.5, 9.5, 5, 10], "texture": "#1"},
				"west": {"uv": [8.5, 5.5, 10, 6], "texture": "#1"},
				"up": {"uv": [9, 7.5, 8.5, 6], "texture": "#1"},
				"down": {"uv": [9, 7.5, 8.5, 9], "texture": "#1"}
			}
		},
		{
			"from": [3.5, -0.1, 7],
			"to": [4.6, 1, 10],
			"faces": {
				"north": {"uv": [9.5, 8, 10, 8.5], "texture": "#1"},
				"east": {"uv": [9, 1, 10.5, 1.5], "texture": "#1"},
				"south": {"uv": [9, 9.5, 9.5, 10], "texture": "#1"},
				"west": {"uv": [9, 1.5, 10.5, 2], "texture": "#1"},
				"up": {"uv": [9.5, 3.5, 9, 2], "texture": "#1"},
				"down": {"uv": [9.5, 3.5, 9, 5], "texture": "#1"}
			}
		},
		{
			"from": [11.4, 4, 7],
			"to": [12.5, 5.1, 10],
			"faces": {
				"north": {"uv": [10, 4.5, 10.5, 5], "texture": "#1"},
				"east": {"uv": [9, 8.5, 10.5, 9], "texture": "#1"},
				"south": {"uv": [5, 10, 5.5, 10.5], "texture": "#1"},
				"west": {"uv": [9, 9, 10.5, 9.5], "texture": "#1"},
				"up": {"uv": [10, 3.5, 9.5, 2], "texture": "#1"},
				"down": {"uv": [10, 3.5, 9.5, 5], "texture": "#1"}
			}
		},
		{
			"from": [11.4, -0.1, 7],
			"to": [12.5, 1, 10],
			"faces": {
				"north": {"uv": [10, 3.5, 10.5, 4], "texture": "#1"},
				"east": {"uv": [9, 6, 10.5, 6.5], "texture": "#1"},
				"south": {"uv": [4, 10, 4.5, 10.5], "texture": "#1"},
				"west": {"uv": [9, 6.5, 10.5, 7], "texture": "#1"},
				"up": {"uv": [9.5, 8.5, 9, 7], "texture": "#1"},
				"down": {"uv": [9, 9, 8.5, 10.5], "texture": "#1"}
			}
		}
	],
	"display": {
		"thirdperson_righthand": {
			"translation": [0, 1.25, 1.25],
			"scale": [0.55, 0.55, 0.55]
		},
		"thirdperson_lefthand": {
			"translation": [0, 1.25, 1.25],
			"scale": [0.55, 0.55, 0.55]
		},
		"firstperson_righthand": {
			"translation": [1.5, 4.5, -1.25],
			"scale": [0.8, 0.8, 0.8]
		},
		"firstperson_lefthand": {
			"translation": [1.5, 4.5, -1.25],
			"scale": [0.8, 0.8, 0.8]
		},
		"ground": {
			"translation": [-0.5, 4, -0.75],
			"scale": [0.9, 0.9, 0.9]
		},
		"gui": {
			"rotation": [30, 225, 0],
			"translation": [0.5, 4, 0],
			"scale": [1.14, 1.14, 1.14]
		},
		"head": {
			"translation": [0, 10.5, -0.75],
			"scale": [1.8, 1.8, 1.8]
		},
		"fixed": {
			"translation": [0, 8, -0.75],
			"scale": [1.8, 1.8, 1.8]
		}
	}
}