{
	"credit": "Made with Blockbench",
	"textures": {
		"0": "item/pepeland/carved_pumpkin/part_2/mandarin/mandarin",
		"particle": "item/pepeland/carved_pumpkin/part_2/mandarin/mandarin"
	},
	"elements": [
		{
			"from": [5.5, 0, 5.5],
			"to": [10.5, 3, 10.5],
			"faces": {
				"north": {"uv": [5, 0, 10, 3], "texture": "#0"},
				"east": {"uv": [5, 3, 10, 6], "texture": "#0"},
				"south": {"uv": [5, 6, 10, 9], "texture": "#0"},
				"west": {"uv": [5, 9, 10, 12], "texture": "#0"},
				"up": {"uv": [5, 5, 0, 0], "texture": "#0"},
				"down": {"uv": [5, 5, 0, 10], "texture": "#0"}
			}
		},
		{
			"from": [7.5, 2.5, 7.5],
			"to": [8.5, 3.5, 8.5],
			"faces": {
				"north": {"uv": [0, 10, 1, 11], "texture": "#0"},
				"east": {"uv": [10, 0, 11, 1], "texture": "#0"},
				"south": {"uv": [1, 10, 2, 11], "texture": "#0"},
				"west": {"uv": [10, 1, 11, 2], "texture": "#0"},
				"up": {"uv": [3, 11, 2, 10], "texture": "#0"},
				"down": {"uv": [11, 2, 10, 3], "texture": "#0"}
			}
		}
	],
	"display": {
		"thirdperson_righthand": {
			"translation": [0, 4.25, 0],
			"scale": [0.53, 0.53, 0.53]
		},
		"thirdperson_lefthand": {
			"translation": [0, 4.25, 0],
			"scale": [0.53, 0.53, 0.53]
		},
		"firstperson_righthand": {
			"translation": [0, 8.25, 0]
		},
		"firstperson_lefthand": {
			"translation": [0, 8.25, 0]
		},
		"ground": {
			"translation": [0, 4.5, 0],
			"scale": [0.73, 0.73, 0.73]
		},
		"gui": {
			"rotation": [24, 33, 0],
			"translation": [0.25, 10.5, 0],
			"scale": [1.8, 1.8, 1.8]
		},
		"head": {
			"translation": [0, 14.75, 0]
		},
		"fixed": {
			"rotation": [-90, 0, 0],
			"translation": [0, 0, -16],
			"scale": [2.02, 2.02, 2.02]
		}
	}
}