{
	"credit": "Made with Blockbench",
	"textures": {
		"0": "item/pepeland/carved_pumpkin/part_1/solar/sun",
		"1": "item/pepeland/carved_pumpkin/part_1/solar/merkury",
		"2": "item/pepeland/carved_pumpkin/part_1/solar/venus",
		"3": "item/pepeland/carved_pumpkin/part_1/solar/earth_moon",
		"4": "item/pepeland/carved_pumpkin/part_1/solar/mars",
		"5": "item/pepeland/carved_pumpkin/part_1/solar/upiter",
		"6": "item/pepeland/carved_pumpkin/part_1/solar/saturn",
		"7": "item/pepeland/carved_pumpkin/part_1/solar/uran",
		"8": "item/pepeland/carved_pumpkin/part_1/solar/neptun",
		"particle": "item/pepeland/carved_pumpkin/part_1/solar/sun"
	},
	"elements": [
		{
			"name": "sun",
			"from": [4, 0, 4],
			"to": [12, 8, 12],
			"faces": {
				"north": {"uv": [0, 0, 4, 4], "texture": "#0"},
				"east": {"uv": [0, 4, 4, 8], "texture": "#0"},
				"south": {"uv": [4, 0, 8, 4], "texture": "#0"},
				"west": {"uv": [4, 4, 8, 8], "texture": "#0"},
				"up": {"uv": [4, 12, 0, 8], "texture": "#0"},
				"down": {"uv": [12, 0, 8, 4], "texture": "#0"}
			}
		},
		{
			"name": "merkury",
			"from": [8, 3.5, 2.25],
			"to": [8.75, 4.25, 3],
			"rotation": {"angle": 0, "axis": "y", "origin": [8.325, 3.925, 7.9375]},
			"faces": {
				"north": {"uv": [0, 0, 1, 1], "texture": "#1"},
				"east": {"uv": [0, 1, 1, 2], "texture": "#1"},
				"south": {"uv": [1, 0, 2, 1], "texture": "#1"},
				"west": {"uv": [1, 1, 2, 2], "texture": "#1"},
				"up": {"uv": [1, 3, 0, 2], "texture": "#1"},
				"down": {"uv": [3, 0, 2, 1], "texture": "#1"}
			}
		},
		{
			"name": "venus",
			"from": [15.2625, 3.25, 7.3625],
			"to": [16.5125, 4.5, 8.6125],
			"rotation": {"angle": -45, "axis": "y", "origin": [8.325, 3.925, 7.9375]},
			"faces": {
				"north": {"uv": [0, 0, 1, 1], "texture": "#2"},
				"east": {"uv": [0, 1, 1, 2], "texture": "#2"},
				"south": {"uv": [1, 0, 2, 1], "texture": "#2"},
				"west": {"uv": [1, 1, 2, 2], "texture": "#2"},
				"up": {"uv": [1, 3, 0, 2], "texture": "#2"},
				"down": {"uv": [3, 0, 2, 1], "texture": "#2"}
			}
		},
		{
			"name": "earth",
			"from": [7.5, 3.1, 20.625],
			"to": [9, 4.6, 22.125],
			"rotation": {"angle": -22.5, "axis": "y", "origin": [8.325, 3.925, 7.9375]},
			"faces": {
				"north": {"uv": [4, 0, 6, 2], "texture": "#3"},
				"east": {"uv": [2, 0, 4, 2], "texture": "#3"},
				"south": {"uv": [4, 2, 6, 4], "texture": "#3"},
				"west": {"uv": [2, 2, 4, 4], "texture": "#3"},
				"up": {"uv": [2, 2, 0, 0], "texture": "#3"},
				"down": {"uv": [2, 2, 0, 4], "texture": "#3"}
			}
		},
		{
			"name": "moon",
			"from": [3.15, 3.7, 21],
			"to": [3.4, 3.95, 21.25],
			"rotation": {"angle": -22.5, "axis": "y", "origin": [1, 3.75, 19.5]},
			"faces": {
				"north": {"uv": [7, 0, 8, 1], "texture": "#3"},
				"east": {"uv": [8, 0, 9, 1], "texture": "#3"},
				"south": {"uv": [9, 0, 10, 1], "texture": "#3"},
				"west": {"uv": [8, 1, 9, 2], "texture": "#3"},
				"up": {"uv": [10, 2, 9, 1], "texture": "#3"},
				"down": {"uv": [8, 1, 7, 2], "texture": "#3"}
			}
		},
		{
			"name": "mars",
			"from": [-3.1125, 3, 7.0125],
			"to": [-1.3625, 4.75, 8.7625],
			"rotation": {"angle": -22.5, "axis": "y", "origin": [8.325, 3.925, 7.9375]},
			"faces": {
				"north": {"uv": [0, 0, 2, 2], "texture": "#4"},
				"east": {"uv": [0, 2, 2, 4], "texture": "#4"},
				"south": {"uv": [2, 0, 4, 2], "texture": "#4"},
				"west": {"uv": [2, 2, 4, 4], "texture": "#4"},
				"up": {"uv": [2, 6, 0, 4], "texture": "#4"},
				"down": {"uv": [6, 0, 4, 2], "texture": "#4"}
			}
		},
		{
			"name": "upiter",
			"from": [24.0125, 2.5, 6.3625],
			"to": [27.0125, 5.5, 9.3625],
			"rotation": {"angle": 22.5, "axis": "y", "origin": [8.325, 3.925, 7.9375]},
			"faces": {
				"north": {"uv": [3, 3, 6, 6], "texture": "#5"},
				"east": {"uv": [0, 0, 3, 3], "texture": "#5"},
				"south": {"uv": [0, 3, 3, 6], "texture": "#5"},
				"west": {"uv": [3, 0, 6, 3], "texture": "#5"},
				"up": {"uv": [3, 9, 0, 6], "rotation": 90, "texture": "#5"},
				"down": {"uv": [9, 0, 6, 3], "rotation": 270, "texture": "#5"}
			}
		},
		{
			"name": "saturn",
			"from": [7.5, 2.5, -15],
			"to": [9.75, 4.75, -12.75],
			"rotation": {"angle": 45, "axis": "y", "origin": [8.325, 3.925, 7.9375]},
			"faces": {
				"north": {"uv": [6, 0, 8, 2], "texture": "#6"},
				"east": {"uv": [4, 0, 6, 2], "texture": "#6"},
				"south": {"uv": [4, 2, 6, 4], "texture": "#6"},
				"west": {"uv": [4, 4, 6, 6], "texture": "#6"},
				"up": {"uv": [8, 4, 6, 2], "rotation": 90, "texture": "#6"},
				"down": {"uv": [6, 6, 4, 8], "rotation": 270, "texture": "#6"}
			}
		},
		{
			"name": "ring",
			"from": [-1.925, 3.675, -12.775],
			"to": [3.075, 3.675, -7.775],
			"rotation": {"angle": 45, "axis": "y", "origin": [0, 0, 0]},
			"faces": {
				"north": {"uv": [0, 0, 4, 0], "texture": "#6"},
				"east": {"uv": [0, 0, 4, 0], "texture": "#6"},
				"south": {"uv": [0, 0, 4, 0], "texture": "#6"},
				"west": {"uv": [0, 0, 4, 0], "texture": "#6"},
				"up": {"uv": [14, 5, 9, 0], "texture": "#6"},
				"down": {"uv": [14, 5, 9, 10], "texture": "#6"}
			}
		},
		{
			"name": "uran",
			"from": [-15.3625, 2.5, 6.5125],
			"to": [-13.3625, 4.5, 8.5125],
			"rotation": {"angle": 22.5, "axis": "y", "origin": [8.325, 3.925, 7.9375]},
			"faces": {
				"north": {"uv": [0, 0, 2, 2], "texture": "#7"},
				"east": {"uv": [0, 2, 2, 4], "texture": "#7"},
				"south": {"uv": [2, 0, 4, 2], "texture": "#7"},
				"west": {"uv": [2, 2, 4, 4], "texture": "#7"},
				"up": {"uv": [2, 6, 0, 4], "texture": "#7"},
				"down": {"uv": [6, 0, 4, 2], "texture": "#7"}
			}
		},
		{
			"name": "neptune",
			"from": [6.9, 2.5, 27.125],
			"to": [9.4, 5, 29.625],
			"rotation": {"angle": 22.5, "axis": "y", "origin": [8.325, 3.925, 7.9375]},
			"faces": {
				"north": {"uv": [0, 0, 3, 3], "texture": "#8"},
				"east": {"uv": [0, 3, 3, 6], "texture": "#8"},
				"south": {"uv": [3, 0, 6, 3], "texture": "#8"},
				"west": {"uv": [3, 3, 6, 6], "texture": "#8"},
				"up": {"uv": [3, 9, 0, 6], "texture": "#8"},
				"down": {"uv": [9, 0, 6, 3], "texture": "#8"}
			}
		}
	],
	"display": {
		"thirdperson_righthand": {
			"translation": [0, 2.75, -0.75],
			"scale": [0.38, 0.38, 0.38]
		},
		"thirdperson_lefthand": {
			"translation": [0, 2.75, -0.75],
			"scale": [0.38, 0.38, 0.38]
		},
		"firstperson_righthand": {
			"rotation": [0, 127, 0],
			"translation": [0, 4.25, 0],
			"scale": [0.43, 0.43, 0.43]
		},
		"firstperson_lefthand": {
			"rotation": [0, 127, 0],
			"translation": [0, 4.25, 0],
			"scale": [0.43, 0.43, 0.43]
		},
		"ground": {
			"translation": [0, 0.75, 0],
			"scale": [0.48, 0.48, 0.48]
		},
		"gui": {
			"rotation": [41, 130, 0],
			"translation": [-0.5, 1.5, 0],
			"scale": [0.38, 0.38, 0.38]
		},
		"head": {
			"rotation": [0, 180, 0],
			"translation": [0, 7.75, 0],
			"scale": [1.9, 1.9, 1.9]
		},
		"fixed": {
			"rotation": [-90, 0, 0],
			"translation": [0, 0, -20.25],
			"scale": [2.5, 2.5, 2.5]
		}
	},
	"groups": [
		0,
		1,
		2,
		3,
		4,
		5,
		6,
		{
			"name": "saturn",
			"origin": [0, 0, 0],
			"color": 0,
			"children": [7, 8]
		},
		9,
		10
	]
}