{
	"credit": "Made with Blockbench",
	"texture_size": [64, 64],
	"textures": {
		"2": "item/pepeland/carved_pumpkin/part_2/paname/paname"
	},
	"elements": [
		{
			"from": [4, 1, 4],
			"to": [12, 4, 12],
			"faces": {
				"north": {"uv": [1, 5.25, 3, 6], "texture": "#2"},
				"east": {"uv": [5.25, 4, 7.25, 4.75], "texture": "#2"},
				"south": {"uv": [5.25, 5, 7.25, 5.75], "texture": "#2"},
				"west": {"uv": [5.5, 0, 7.5, 0.75], "texture": "#2"},
				"up": {"uv": [2, 2, 0, 0], "texture": "#2"},
				"down": {"uv": [2, 2.25, 0, 4.25], "texture": "#2"}
			}
		},
		{
			"from": [11.895, 0.995, 1.995],
			"to": [14.905, 1.005, 14.005],
			"rotation": {"angle": -45, "axis": "z", "origin": [12, 1, 8]},
			"faces": {
				"north": {"uv": [2, 7.5, 2.75, 7.5], "texture": "#2"},
				"east": {"uv": [7.5, 2.25, 10.5, 2.25], "texture": "#2"},
				"south": {"uv": [7.5, 2.5, 8.25, 2.5], "texture": "#2"},
				"west": {"uv": [7.5, 2.75, 10.5, 2.75], "texture": "#2"},
				"up": {"uv": [3, 5, 2.25, 2], "texture": "#2"},
				"down": {"uv": [4, 2, 3.25, 5], "texture": "#2"}
			}
		},
		{
			"from": [1.095, 0.995, 1.995],
			"to": [4.105, 1.005, 14.005],
			"rotation": {"angle": 45, "axis": "z", "origin": [4, 1, 8]},
			"faces": {
				"north": {"uv": [7.5, 4, 8.25, 4], "texture": "#2"},
				"east": {"uv": [7.5, 4.25, 10.5, 4.25], "texture": "#2"},
				"south": {"uv": [7.5, 4.5, 8.25, 4.5], "texture": "#2"},
				"west": {"uv": [7.5, 4.75, 10.5, 4.75], "texture": "#2"},
				"up": {"uv": [5, 7, 4.25, 4], "texture": "#2"},
				"down": {"uv": [0.75, 4.5, 0, 7.5], "texture": "#2"}
			}
		},
		{
			"from": [1.995, 0.995, 1.095],
			"to": [14.005, 1.005, 4.105],
			"rotation": {"angle": -45, "axis": "x", "origin": [8, 1, 4]},
			"faces": {
				"north": {"uv": [5.5, 1.75, 8.5, 1.75], "texture": "#2"},
				"east": {"uv": [7, 7.25, 7.75, 7.25], "texture": "#2"},
				"south": {"uv": [7.5, 2, 10.5, 2], "texture": "#2"},
				"west": {"uv": [1, 7.5, 1.75, 7.5], "texture": "#2"},
				"up": {"uv": [5.25, 0.75, 2.25, 0], "texture": "#2"},
				"down": {"uv": [5.25, 1, 2.25, 1.75], "texture": "#2"}
			}
		},
		{
			"from": [1.995, 0.995, 11.895],
			"to": [14.005, 1.005, 14.905],
			"rotation": {"angle": 45, "axis": "x", "origin": [8, 1, 12]},
			"faces": {
				"north": {"uv": [7.5, 3, 10.5, 3], "texture": "#2"},
				"east": {"uv": [7.5, 3.25, 8.25, 3.25], "texture": "#2"},
				"south": {"uv": [7.5, 3.5, 10.5, 3.5], "texture": "#2"},
				"west": {"uv": [7.5, 3.75, 8.25, 3.75], "texture": "#2"},
				"up": {"uv": [7.25, 2.75, 4.25, 2], "texture": "#2"},
				"down": {"uv": [7.25, 3, 4.25, 3.75], "texture": "#2"}
			}
		},
		{
			"from": [3, 2, 6],
			"to": [7, 6, 8],
			"faces": {
				"north": {"uv": [5.25, 6, 6.25, 7], "texture": "#2"},
				"east": {"uv": [3.5, 5.25, 4, 6.25], "texture": "#2"},
				"south": {"uv": [1, 6.25, 2, 7.25], "texture": "#2"},
				"west": {"uv": [3.5, 6.5, 4, 7.5], "texture": "#2"},
				"up": {"uv": [2, 5, 1, 4.5], "texture": "#2"},
				"down": {"uv": [6.5, 1, 5.5, 1.5], "texture": "#2"}
			}
		},
		{
			"from": [9, 2, 6],
			"to": [13, 6, 8],
			"rotation": {"angle": 0, "axis": "y", "origin": [16, 0, 0]},
			"faces": {
				"north": {"uv": [2.25, 6.25, 3.25, 7.25], "texture": "#2"},
				"east": {"uv": [4.25, 7.25, 4.75, 8.25], "texture": "#2"},
				"south": {"uv": [6.5, 6, 7.5, 7], "texture": "#2"},
				"west": {"uv": [5, 7.25, 5.5, 8.25], "texture": "#2"},
				"up": {"uv": [7.75, 1.5, 6.75, 1], "texture": "#2"},
				"down": {"uv": [6.75, 7.25, 5.75, 7.75], "texture": "#2"}
			}
		}
	],
	"display": {
		"thirdperson_righthand": {
			"translation": [0, 4.25, 0],
			"scale": [0.5, 0.5, 0.5]
		},
		"thirdperson_lefthand": {
			"translation": [0, 4.25, 0],
			"scale": [0.5, 0.5, 0.5]
		},
		"firstperson_righthand": {
			"rotation": [0, 127, 0],
			"translation": [0, 8.25, 0]
		},
		"firstperson_lefthand": {
			"rotation": [0, 127, 0],
			"translation": [0, 8.25, 0]
		},
		"ground": {
			"translation": [0, 1.75, 0],
			"scale": [0.48, 0.48, 0.48]
		},
		"gui": {
			"rotation": [36, -132, 0],
			"translation": [0, 5, 0],
			"scale": [0.81, 0.81, 0.81]
		},
		"head": {
			"translation": [0, 19.5, 0],
			"scale": [2, 2, 2]
		},
		"fixed": {
			"translation": [0, 5, 0]
		}
	}
}