{
	"credit": "Made with Blockbench",
	"texture_size": [64, 64],
	"textures": {
		"1": "item/pepeland/carved_pumpkin/part_1/spider/spider",
		"particle": "item/pepeland/carved_pumpkin/part_1/spider/spider"
	},
	"elements": [
		{
			"from": [5.21794, 2, 2.46868],
			"to": [8.21794, 5, 5.46868],
			"rotation": {"angle": 22.5, "axis": "y", "origin": [8, 2.18052, 6.74448]},
			"faces": {
				"north": {"uv": [5.75, 2, 6.5, 2.75], "texture": "#1"},
				"east": {"uv": [0, 6, 0.75, 6.75], "texture": "#1"},
				"south": {"uv": [0.75, 6, 1.5, 6.75], "texture": "#1"},
				"west": {"uv": [1.5, 6, 2.25, 6.75], "texture": "#1"},
				"up": {"uv": [3, 6.75, 2.25, 6], "texture": "#1"},
				"down": {"uv": [3.75, 6, 3, 6.75], "texture": "#1"}
			}
		},
		{
			"from": [5, 0, 5],
			"to": [11, 4, 13],
			"rotation": {"angle": 0, "axis": "y", "origin": [8, 2.18052, 6.74448]},
			"faces": {
				"north": {"uv": [0, 3, 1.5, 4], "texture": "#1"},
				"east": {"uv": [0, 2, 2, 3], "texture": "#1"},
				"south": {"uv": [3, 0, 4.5, 1], "texture": "#1"},
				"west": {"uv": [2, 2, 4, 3], "texture": "#1"},
				"up": {"uv": [1.5, 2, 0, 0], "texture": "#1"},
				"down": {"uv": [3, 0, 1.5, 2], "texture": "#1"}
			}
		},
		{
			"from": [7.78206, 2, 2.46868],
			"to": [10.78206, 5, 5.46868],
			"rotation": {"angle": -22.5, "axis": "y", "origin": [8, 2.18052, 6.74448]},
			"faces": {
				"north": {"uv": [3.75, 6, 4.5, 6.75], "texture": "#1"},
				"east": {"uv": [4.5, 6, 5.25, 6.75], "texture": "#1"},
				"south": {"uv": [5.25, 6, 6, 6.75], "texture": "#1"},
				"west": {"uv": [6, 5.5, 6.75, 6.25], "texture": "#1"},
				"up": {"uv": [7, 0.75, 6.25, 0], "texture": "#1"},
				"down": {"uv": [6.75, 6.25, 6, 7], "texture": "#1"}
			}
		},
		{
			"from": [0.11043, 1, 6.60857],
			"to": [6.11043, 2.5, 8.10857],
			"rotation": {"angle": -22.5, "axis": "y", "origin": [8, 2.18052, 6.74448]},
			"faces": {
				"north": {"uv": [4.5, 5.5, 3, 6], "texture": "#1"},
				"east": {"uv": [2.5, 8.75, 2.25, 9.25], "texture": "#1"},
				"south": {"uv": [6, 5.5, 4.5, 6], "texture": "#1"},
				"west": {"uv": [9, 2, 8.75, 2.5], "texture": "#1"},
				"up": {"uv": [7.75, 7, 9.25, 6.75], "texture": "#1"},
				"down": {"uv": [7.75, 7, 9.25, 7.25], "texture": "#1"}
			}
		},
		{
			"from": [0.11043, 1, 2.60857],
			"to": [1.61043, 2.5, 6.60857],
			"rotation": {"angle": -22.5, "axis": "y", "origin": [8, 2.18052, 6.74448]},
			"faces": {
				"north": {"uv": [4.25, 8.25, 3.75, 8.75], "texture": "#1"},
				"east": {"uv": [8, 3.75, 7, 4.25], "texture": "#1"},
				"south": {"uv": [4.75, 8.25, 4.25, 8.75], "texture": "#1"},
				"west": {"uv": [8, 0, 7, 0.5], "texture": "#1"},
				"up": {"uv": [3, 8.25, 3.5, 7.25], "texture": "#1"},
				"down": {"uv": [3.5, 7.25, 4, 8.25], "texture": "#1"}
			}
		},
		{
			"from": [-0.35554, 0.602, 6.8],
			"to": [6.64446, 2.102, 8.3],
			"rotation": {"angle": 0, "axis": "y", "origin": [8, 3.18052, 6.74448]},
			"faces": {
				"north": {"uv": [6.5, 1, 4.75, 1.5], "texture": "#1"},
				"east": {"uv": [5.75, 8.25, 5.25, 8.75], "texture": "#1"},
				"south": {"uv": [6.5, 1.5, 4.75, 2], "texture": "#1"},
				"west": {"uv": [5.25, 8.25, 4.75, 8.75], "texture": "#1"},
				"up": {"uv": [0, 5.5, 1.75, 5], "texture": "#1"},
				"down": {"uv": [1.75, 5, 3.5, 5.5], "texture": "#1"}
			}
		},
		{
			"from": [-0.35554, -3.398, 6.8],
			"to": [1.14446, 0.602, 8.3],
			"rotation": {"angle": 0, "axis": "y", "origin": [8, 3.18052, 6.74448]},
			"faces": {
				"north": {"uv": [4.5, 7.25, 4, 8.25], "texture": "#1"},
				"east": {"uv": [7.75, 5.25, 7.25, 6.25], "texture": "#1"},
				"south": {"uv": [5, 7.25, 4.5, 8.25], "texture": "#1"},
				"west": {"uv": [7.75, 4.25, 7.25, 5.25], "texture": "#1"},
				"up": {"uv": [7.25, 8.75, 7.75, 8.25], "texture": "#1"},
				"down": {"uv": [8.25, 7.25, 8.75, 7.75], "texture": "#1"}
			}
		},
		{
			"from": [-0.58515, 1.15633, 8.7],
			"to": [6.41485, 2.65633, 10.2],
			"rotation": {"angle": 0, "axis": "y", "origin": [8, 3.18052, 6.74448]},
			"faces": {
				"north": {"uv": [9.5, 5, 7.75, 5.25], "texture": "#1"},
				"east": {"uv": [9.25, 3.75, 8.75, 4], "texture": "#1"},
				"south": {"uv": [9.5, 5.25, 7.75, 5.5], "texture": "#1"},
				"west": {"uv": [4.25, 8.75, 3.75, 9], "texture": "#1"},
				"up": {"uv": [5, 3.5, 6.75, 3], "texture": "#1"},
				"down": {"uv": [3.5, 5, 5.25, 5.5], "texture": "#1"}
			}
		},
		{
			"from": [-0.58515, -2.84367, 8.7],
			"to": [0.91485, 1.15633, 10.2],
			"rotation": {"angle": 0, "axis": "y", "origin": [8, 3.18052, 6.74448]},
			"faces": {
				"north": {"uv": [7.75, 6.25, 7.25, 7.25], "texture": "#1"},
				"east": {"uv": [8, 1.5, 7.5, 2.5], "texture": "#1"},
				"south": {"uv": [8, 0.5, 7.5, 1.5], "texture": "#1"},
				"west": {"uv": [7.75, 7.25, 7.25, 8.25], "texture": "#1"},
				"up": {"uv": [7.75, 8.75, 8.25, 8.25], "texture": "#1"},
				"down": {"uv": [8.25, 7.75, 8.75, 8.25], "texture": "#1"}
			}
		},
		{
			"from": [-0.39381, 0.69439, 10.7],
			"to": [6.60619, 2.19439, 12.2],
			"rotation": {"angle": 0, "axis": "y", "origin": [8, 3.18052, 6.74448]},
			"faces": {
				"north": {"uv": [9.5, 5.5, 7.75, 5.75], "texture": "#1"},
				"east": {"uv": [4.75, 8.75, 4.25, 9], "texture": "#1"},
				"south": {"uv": [9.5, 5.75, 7.75, 6], "texture": "#1"},
				"west": {"uv": [9.25, 4, 8.75, 4.25], "texture": "#1"},
				"up": {"uv": [5, 4, 6.75, 3.5], "texture": "#1"},
				"down": {"uv": [5.25, 4, 7, 4.5], "texture": "#1"}
			}
		},
		{
			"from": [-0.39381, -3.30561, 10.7],
			"to": [1.10619, 0.69439, 12.2],
			"rotation": {"angle": 0, "axis": "y", "origin": [8, 3.18052, 6.74448]},
			"faces": {
				"north": {"uv": [7, 7.5, 6.5, 8.5], "texture": "#1"},
				"east": {"uv": [1.5, 7.75, 1, 8.75], "texture": "#1"},
				"south": {"uv": [1, 7.75, 0.5, 8.75], "texture": "#1"},
				"west": {"uv": [0.5, 7.75, 0, 8.75], "texture": "#1"},
				"up": {"uv": [8.25, 8.75, 8.75, 8.25], "texture": "#1"},
				"down": {"uv": [8.5, 0, 9, 0.5], "texture": "#1"}
			}
		},
		{
			"from": [14.89381, -3.30561, 10.7],
			"to": [16.39381, 0.69439, 12.2],
			"rotation": {"angle": 0, "axis": "y", "origin": [8, 3.18052, 6.74448]},
			"faces": {
				"north": {"uv": [6.5, 7.5, 7, 8.5], "texture": "#1"},
				"east": {"uv": [0, 7.75, 0.5, 8.75], "texture": "#1"},
				"south": {"uv": [0.5, 7.75, 1, 8.75], "texture": "#1"},
				"west": {"uv": [1, 7.75, 1.5, 8.75], "texture": "#1"},
				"up": {"uv": [8.75, 8.75, 8.25, 8.25], "texture": "#1"},
				"down": {"uv": [9, 0, 8.5, 0.5], "texture": "#1"}
			}
		},
		{
			"from": [9.39381, 0.69439, 10.7],
			"to": [16.39381, 2.19439, 12.2],
			"rotation": {"angle": 0, "axis": "y", "origin": [8, 3.18052, 6.74448]},
			"faces": {
				"north": {"uv": [7.75, 5.5, 9.5, 5.75], "texture": "#1"},
				"east": {"uv": [8.75, 4, 9.25, 4.25], "texture": "#1"},
				"south": {"uv": [7.75, 5.75, 9.5, 6], "texture": "#1"},
				"west": {"uv": [4.25, 8.75, 4.75, 9], "texture": "#1"},
				"up": {"uv": [6.75, 4, 5, 3.5], "texture": "#1"},
				"down": {"uv": [7, 4, 5.25, 4.5], "texture": "#1"}
			}
		},
		{
			"from": [15.08515, -2.84367, 8.7],
			"to": [16.58515, 1.15633, 10.2],
			"rotation": {"angle": 0, "axis": "y", "origin": [8, 3.18052, 6.74448]},
			"faces": {
				"north": {"uv": [7.25, 6.25, 7.75, 7.25], "texture": "#1"},
				"east": {"uv": [7.25, 7.25, 7.75, 8.25], "texture": "#1"},
				"south": {"uv": [7.5, 0.5, 8, 1.5], "texture": "#1"},
				"west": {"uv": [7.5, 1.5, 8, 2.5], "texture": "#1"},
				"up": {"uv": [8.25, 8.75, 7.75, 8.25], "texture": "#1"},
				"down": {"uv": [8.75, 7.75, 8.25, 8.25], "texture": "#1"}
			}
		},
		{
			"from": [9.58515, 1.15633, 8.7],
			"to": [16.58515, 2.65633, 10.2],
			"rotation": {"angle": 0, "axis": "y", "origin": [8, 3.18052, 6.74448]},
			"faces": {
				"north": {"uv": [7.75, 5, 9.5, 5.25], "texture": "#1"},
				"east": {"uv": [3.75, 8.75, 4.25, 9], "texture": "#1"},
				"south": {"uv": [7.75, 5.25, 9.5, 5.5], "texture": "#1"},
				"west": {"uv": [8.75, 3.75, 9.25, 4], "texture": "#1"},
				"up": {"uv": [6.75, 3.5, 5, 3], "texture": "#1"},
				"down": {"uv": [5.25, 5, 3.5, 5.5], "texture": "#1"}
			}
		},
		{
			"from": [14.85554, -3.398, 6.8],
			"to": [16.35554, 0.602, 8.3],
			"rotation": {"angle": 0, "axis": "y", "origin": [8, 3.18052, 6.74448]},
			"faces": {
				"north": {"uv": [4, 7.25, 4.5, 8.25], "texture": "#1"},
				"east": {"uv": [7.25, 4.25, 7.75, 5.25], "texture": "#1"},
				"south": {"uv": [4.5, 7.25, 5, 8.25], "texture": "#1"},
				"west": {"uv": [7.25, 5.25, 7.75, 6.25], "texture": "#1"},
				"up": {"uv": [7.75, 8.75, 7.25, 8.25], "texture": "#1"},
				"down": {"uv": [8.75, 7.25, 8.25, 7.75], "texture": "#1"}
			}
		},
		{
			"from": [9.35554, 0.602, 6.8],
			"to": [16.35554, 2.102, 8.3],
			"rotation": {"angle": 0, "axis": "y", "origin": [8, 3.18052, 6.74448]},
			"faces": {
				"north": {"uv": [4.75, 1, 6.5, 1.5], "texture": "#1"},
				"east": {"uv": [4.75, 8.25, 5.25, 8.75], "texture": "#1"},
				"south": {"uv": [4.75, 1.5, 6.5, 2], "texture": "#1"},
				"west": {"uv": [5.25, 8.25, 5.75, 8.75], "texture": "#1"},
				"up": {"uv": [1.75, 5.5, 0, 5], "texture": "#1"},
				"down": {"uv": [3.5, 5, 1.75, 5.5], "texture": "#1"}
			}
		},
		{
			"from": [14.38957, 1, 2.60857],
			"to": [15.88957, 2.5, 6.60857],
			"rotation": {"angle": 22.5, "axis": "y", "origin": [8, 2.18052, 6.74448]},
			"faces": {
				"north": {"uv": [3.75, 8.25, 4.25, 8.75], "texture": "#1"},
				"east": {"uv": [7, 0, 8, 0.5], "texture": "#1"},
				"south": {"uv": [4.25, 8.25, 4.75, 8.75], "texture": "#1"},
				"west": {"uv": [7, 3.75, 8, 4.25], "texture": "#1"},
				"up": {"uv": [3.5, 8.25, 3, 7.25], "texture": "#1"},
				"down": {"uv": [4, 7.25, 3.5, 8.25], "texture": "#1"}
			}
		},
		{
			"from": [9.88957, 1, 6.60857],
			"to": [15.88957, 2.5, 8.10857],
			"rotation": {"angle": 22.5, "axis": "y", "origin": [8, 2.18052, 6.74448]},
			"faces": {
				"north": {"uv": [3, 5.5, 4.5, 6], "texture": "#1"},
				"east": {"uv": [8.75, 2, 9, 2.5], "texture": "#1"},
				"south": {"uv": [4.5, 5.5, 6, 6], "texture": "#1"},
				"west": {"uv": [2.25, 8.75, 2.5, 9.25], "texture": "#1"},
				"up": {"uv": [9.25, 7, 7.75, 6.75], "texture": "#1"},
				"down": {"uv": [9.25, 7, 7.75, 7.25], "texture": "#1"}
			}
		}
	],
	"display": {
		"thirdperson_righthand": {
			"translation": [0, 3, 0],
			"scale": [0.38, 0.38, 0.38]
		},
		"thirdperson_lefthand": {
			"translation": [0, 3, 0],
			"scale": [0.38, 0.38, 0.38]
		},
		"firstperson_righthand": {
			"rotation": [0, 118, 0],
			"translation": [0, 7.5, 0],
			"scale": [0.54, 0.54, 0.54]
		},
		"firstperson_lefthand": {
			"rotation": [0, 118, 0],
			"translation": [0, 7.5, 0],
			"scale": [0.54, 0.54, 0.54]
		},
		"ground": {
			"translation": [0, 4.75, 0],
			"scale": [0.48, 0.48, 0.48]
		},
		"gui": {
			"rotation": [37, -146, 0],
			"translation": [0, 4.75, 0],
			"scale": [0.72, 0.72, 0.72]
		},
		"head": {
			"rotation": [-2.27, -4.37, -15.92],
			"translation": [3.25, 14.75, -1]
		},
		"fixed": {
			"rotation": [-90, 0, 0],
			"translation": [0, 0, -12.5],
			"scale": [1.11, 1.11, 1.11]
		}
	},
	"groups": [
		{
			"name": "group",
			"origin": [8, 8, 8],
			"color": 0,
			"children": [
				0,
				1,
				2,
				{
					"name": "group",
					"origin": [8, 8, 8],
					"color": 0,
					"children": [
						{
							"name": "group",
							"origin": [3, 0, 9],
							"color": 0,
							"children": []
						}
					]
				},
				{
					"name": "group",
					"origin": [8, 8, 8],
					"color": 0,
					"children": [
						{
							"name": "group",
							"origin": [3, 0, 9],
							"color": 0,
							"children": [3, 4, 5, 6, 7, 8, 9, 10]
						},
						{
							"name": "group",
							"origin": [3, 0, 9],
							"color": 0,
							"children": [
								{
									"name": "group",
									"origin": [3, 0, 9],
									"color": 0,
									"children": []
								}
							]
						},
						{
							"name": "group",
							"origin": [13, 0, 9],
							"color": 0,
							"children": [
								11,
								12,
								13,
								14,
								15,
								16,
								17,
								18,
								{
									"name": "group",
									"origin": [13, 0, 9],
									"color": 0,
									"children": []
								}
							]
						}
					]
				}
			]
		}
	]
}