{
	"credit": "Made with Blockbench",
	"texture_size": [32, 32],
	"textures": {
		"0": "item/pepeland/carved_pumpkin/part_1/fish/fish",
		"particle": "item/pepeland/carved_pumpkin/part_1/fish/fish"
	},
	"elements": [
		{
			"from": [4, 0, 4],
			"to": [12, 8, 12],
			"faces": {
				"north": {"uv": [0, 0, 4, 4], "texture": "#0"},
				"east": {"uv": [0, 4, 4, 8], "texture": "#0"},
				"south": {"uv": [4, 0, 8, 4], "texture": "#0"},
				"west": {"uv": [4, 4, 8, 8], "texture": "#0"},
				"up": {"uv": [4, 12, 0, 8], "texture": "#0"},
				"down": {"uv": [12, 0, 8, 4], "texture": "#0"}
			}
		},
		{
			"from": [4, 8, 4],
			"to": [12, 10, 10],
			"faces": {
				"north": {"uv": [8, 7, 12, 8], "texture": "#0"},
				"east": {"uv": [8, 9, 11, 10], "texture": "#0"},
				"south": {"uv": [8, 8, 12, 9], "texture": "#0"},
				"west": {"uv": [8, 10, 11, 11], "texture": "#0"},
				"up": {"uv": [8, 11, 4, 8], "texture": "#0"},
				"down": {"uv": [12, 4, 8, 7], "texture": "#0"}
			}
		},
		{
			"from": [8, 0, 2],
			"to": [8, 6, 4],
			"faces": {
				"north": {"uv": [0, 0, 0, 3], "texture": "#0"},
				"east": {"uv": [4, 11, 5, 14], "texture": "#0"},
				"south": {"uv": [0, 0, 0, 3], "texture": "#0"},
				"west": {"uv": [5, 11, 6, 14], "texture": "#0"},
				"up": {"uv": [0, 1, 0, 0], "texture": "#0"},
				"down": {"uv": [0, 0, 0, 1], "texture": "#0"}
			}
		}
	],
	"display": {
		"thirdperson_righthand": {
			"translation": [0, 2.25, 0],
			"scale": [0.4, 0.4, 0.4]
		},
		"thirdperson_lefthand": {
			"translation": [0, 2.25, 0],
			"scale": [0.4, 0.4, 0.4]
		},
		"firstperson_righthand": {
			"rotation": [90, 0, 180],
			"translation": [0, 3, 0],
			"scale": [0.5, 0.5, 0.5]
		},
		"firstperson_lefthand": {
			"rotation": [90, 0, 180],
			"translation": [0, 3, 0],
			"scale": [0.5, 0.5, 0.5]
		},
		"ground": {
			"translation": [0, 1.5, 0],
			"scale": [0.43, 0.43, 0.43]
		},
		"gui": {
			"rotation": [116, 0, -45],
			"translation": [2.25, -1.25, 0]
		},
		"head": {
			"rotation": [0, 180, 0],
			"translation": [0, 9.75, 0.25],
			"scale": [2.05, 2.05, 2.05]
		},
		"fixed": {
			"rotation": [-90, 0, 0],
			"translation": [0, 0, -12.5],
			"scale": [1.56, 1.56, 1.56]
		}
	}
}