{
	"format_version": "1.21.6",
	"credit": "Made with Blockbench",
	"texture_size": [32, 32],
	"textures": {
		"0": "blincek:item/binreid",
		"1": "blincek:item/binreid1",
		"particle": "blincek:item/binreid"
	},
	"elements": [
		{
			"from": [7, 10.3, 5],
			"to": [8.2, 14.4, 5.9],
			"rotation": {"angle": 1.5, "axis": "x", "origin": [7, 10.3, 3.2]},
			"faces": {
				"north": {"uv": [7, 5, 7.625, 7], "texture": "#0"},
				"east": {"uv": [9, 6, 9.5, 8], "texture": "#0"},
				"south": {"uv": [7, 7, 7.625, 9], "texture": "#0"},
				"west": {"uv": [7, 9, 7.5, 11], "texture": "#0"},
				"up": {"uv": [12.625, 8.5, 12, 8], "texture": "#0"},
				"down": {"uv": [0.625, 12.5, 0, 13], "texture": "#0"}
			}
		},
		{
			"from": [6.9, 2, 6.3],
			"to": [8.3, 9.2, 11.4],
			"rotation": {"angle": 0, "axis": "y", "origin": [7, 2, 7.9]},
			"faces": {
				"north": {"uv": [2, 4, 2.75, 7.625], "texture": "#0"},
				"east": {"uv": [0, 0, 2.5, 3.625], "texture": "#0"},
				"south": {"uv": [3, 4, 3.75, 7.625], "texture": "#0"},
				"west": {"uv": [2.5, 0, 5, 3.625], "texture": "#0"},
				"up": {"uv": [4.75, 6.5, 4, 4], "texture": "#0"},
				"down": {"uv": [5.75, 0, 5, 2.5], "texture": "#0"}
			}
		},
		{
			"from": [6.8, 8.8, 8.4],
			"to": [7.4, 21.7, 9.6],
			"rotation": {"angle": -0.5, "axis": "x", "origin": [6.7, 8.8, 6.9]},
			"faces": {
				"north": {"uv": [4, 6.5, 4.25, 13], "texture": "#0"},
				"east": {"uv": [0, 4, 0.625, 10.5], "texture": "#0"},
				"south": {"uv": [4.5, 6.5, 4.75, 13], "texture": "#0"},
				"west": {"uv": [1, 4, 1.625, 10.5], "texture": "#0"},
				"up": {"uv": [13.25, 1.625, 13, 1], "texture": "#0"},
				"down": {"uv": [1.75, 13, 1.5, 13.625], "texture": "#0"}
			}
		},
		{
			"from": [7, 3.4, 9.6],
			"to": [8.2, 4.5, 11.6],
			"rotation": {"angle": 40.5, "axis": "x", "origin": [7, 3, 9.6]},
			"faces": {
				"north": {"uv": [1, 12.5, 1.625, 13], "texture": "#0"},
				"east": {"uv": [11, 11.5, 12, 12], "texture": "#0"},
				"south": {"uv": [3, 12.5, 3.625, 13], "texture": "#0"},
				"west": {"uv": [0, 12, 1, 12.5], "texture": "#0"},
				"up": {"uv": [11.625, 8.5, 11, 7.5], "texture": "#0"},
				"down": {"uv": [9.125, 11, 8.5, 12], "texture": "#0"}
			}
		},
		{
			"from": [7, 2.2, 10.2],
			"to": [8.2, 5.9, 12.2],
			"rotation": {"angle": -13, "axis": "x", "origin": [7, 2.2, 9.5]},
			"faces": {
				"north": {"uv": [2, 8, 2.625, 9.875], "texture": "#0"},
				"east": {"uv": [5, 2.5, 6, 4.375], "texture": "#0"},
				"south": {"uv": [3, 8, 3.625, 9.875], "texture": "#0"},
				"west": {"uv": [5, 4.5, 6, 6.375], "texture": "#0"},
				"up": {"uv": [10.125, 12, 9.5, 11], "texture": "#0"},
				"down": {"uv": [11.625, 10.5, 11, 11.5], "texture": "#0"}
			}
		},
		{
			"from": [6.6, 20.7, 7.8],
			"to": [7.5, 21.8, 9.9],
			"rotation": {"angle": 0, "axis": "y", "origin": [6, 20.7, 7.9]},
			"faces": {
				"north": {"uv": [8.5, 9, 8.875, 9.5], "texture": "#0"},
				"east": {"uv": [12, 0, 13, 0.5], "texture": "#0"},
				"south": {"uv": [9.5, 1.5, 9.875, 2], "texture": "#0"},
				"west": {"uv": [12, 0.5, 13, 1], "texture": "#0"},
				"up": {"uv": [8.875, 3, 8.5, 2], "texture": "#0"},
				"down": {"uv": [11.375, 12, 11, 13], "texture": "#0"}
			}
		},
		{
			"from": [7, 10.3, 11.8],
			"to": [8.2, 12.9, 12.8],
			"rotation": {"angle": 1.5, "axis": "x", "origin": [7, 10.3, 10.1]},
			"faces": {
				"north": {"uv": [8.5, 9.5, 9.125, 10.75], "texture": "#0"},
				"east": {"uv": [11.5, 0, 12, 1.25], "texture": "#0"},
				"south": {"uv": [9.5, 9.5, 10.125, 10.75], "texture": "#0"},
				"west": {"uv": [11.5, 1.5, 12, 2.75], "texture": "#0"},
				"up": {"uv": [13.125, 3.5, 12.5, 3], "texture": "#0"},
				"down": {"uv": [13.125, 3.5, 12.5, 4], "texture": "#0"}
			}
		},
		{
			"from": [7, 5.6, 6.4],
			"to": [8.2, 8, 7.6],
			"rotation": {"angle": -17.5, "axis": "x", "origin": [7, 5.6, 5.7]},
			"faces": {
				"north": {"uv": [10, 1.5, 10.625, 2.75], "texture": "#0"},
				"east": {"uv": [2, 10, 2.625, 11.25], "texture": "#0"},
				"south": {"uv": [3, 10, 3.625, 11.25], "texture": "#0"},
				"west": {"uv": [10, 3, 10.625, 4.25], "texture": "#0"},
				"up": {"uv": [8.125, 12.625, 7.5, 12], "texture": "#0"},
				"down": {"uv": [9.125, 12, 8.5, 12.625], "texture": "#0"}
			}
		},
		{
			"from": [7, 8.8, 11.1],
			"to": [8.2, 11.4, 12.1],
			"rotation": {"angle": 19, "axis": "x", "origin": [7, 8.8, 9.4]},
			"faces": {
				"north": {"uv": [10, 4.5, 10.625, 5.75], "texture": "#0"},
				"east": {"uv": [2, 11.5, 2.5, 12.75], "texture": "#0"},
				"south": {"uv": [6, 10, 6.625, 11.25], "texture": "#0"},
				"west": {"uv": [2.5, 11.5, 3, 12.75], "texture": "#0"},
				"up": {"uv": [13.125, 4.5, 12.5, 4], "texture": "#0"},
				"down": {"uv": [13.125, 4.5, 12.5, 5], "texture": "#0"}
			}
		},
		{
			"from": [7, 9.5, 7.4],
			"to": [8.2, 12.1, 10],
			"rotation": {"angle": 36, "axis": "x", "origin": [7, 9.5, 5.5]},
			"faces": {
				"north": {"uv": [10, 7.5, 10.625, 8.75], "texture": "#0"},
				"east": {"uv": [7, 0, 8.25, 1.25], "texture": "#0"},
				"south": {"uv": [0, 10.5, 0.625, 11.75], "texture": "#0"},
				"west": {"uv": [7, 1.5, 8.25, 2.75], "texture": "#0"},
				"up": {"uv": [11.125, 1.25, 10.5, 0], "texture": "#0"},
				"down": {"uv": [1.625, 10.5, 1, 11.75], "texture": "#0"}
			}
		},
		{
			"from": [6.6, 24.6, 10],
			"to": [7.5, 26.8, 10.5],
			"rotation": {"angle": 3, "axis": "x", "origin": [6, 23.6, 9]},
			"faces": {
				"north": {"uv": [6.5, 11.5, 6.875, 12.625], "texture": "#0"},
				"east": {"uv": [7.5, 10.5, 8.125, 11.625], "texture": "#0"},
				"south": {"uv": [12, 6.5, 12.375, 7.625], "texture": "#0"},
				"west": {"uv": [10.5, 9, 11.125, 10.125], "texture": "#0"},
				"up": {"uv": [12.375, 13.125, 12, 12.5], "texture": "#0"},
				"down": {"uv": [12.875, 12.5, 12.5, 13.125], "texture": "#0"}
			}
		},
		{
			"from": [7, 7, 7.1],
			"to": [8.2, 9.7, 8.3],
			"rotation": {"angle": -42, "axis": "x", "origin": [7, 11.5, 7.1]},
			"faces": {
				"north": {"uv": [7.5, 9, 8.125, 10.375], "texture": "#0"},
				"east": {"uv": [9, 8, 9.625, 9.375], "texture": "#0"},
				"south": {"uv": [9.5, 0, 10.125, 1.375], "texture": "#0"},
				"west": {"uv": [9.5, 6, 10.125, 7.375], "texture": "#0"},
				"up": {"uv": [10.125, 12.625, 9.5, 12], "texture": "#0"},
				"down": {"uv": [12.625, 10.5, 12, 11.125], "texture": "#0"}
			}
		},
		{
			"from": [6.6, 20.3, 7.5],
			"to": [7.5, 21.7, 9],
			"rotation": {"angle": 44, "axis": "x", "origin": [6, 20.1, 8.2]},
			"faces": {
				"north": {"uv": [0, 13, 0.375, 13.625], "texture": "#0"},
				"east": {"uv": [12, 1.5, 12.75, 2.125], "texture": "#0"},
				"south": {"uv": [13, 0, 13.375, 0.625], "texture": "#0"},
				"west": {"uv": [5, 12, 5.75, 12.625], "texture": "#0"},
				"up": {"uv": [10.875, 13.25, 10.5, 12.5], "texture": "#0"},
				"down": {"uv": [12.875, 11.5, 12.5, 12.25], "texture": "#0"}
			}
		},
		{
			"from": [6.6, 23.7, 8.3],
			"to": [7.5, 27.2, 9.8],
			"rotation": {"angle": 14, "axis": "x", "origin": [6, 23.7, 8.3]},
			"faces": {
				"north": {"uv": [10.5, 10.5, 10.875, 12.25], "texture": "#0"},
				"east": {"uv": [8.5, 0, 9.125, 1.75], "texture": "#0"},
				"south": {"uv": [11, 1.5, 11.375, 3.25], "texture": "#0"},
				"west": {"uv": [5, 8.5, 5.625, 10.25], "texture": "#0"},
				"up": {"uv": [0.875, 13.625, 0.5, 13], "texture": "#0"},
				"down": {"uv": [1.375, 13, 1, 13.625], "texture": "#0"}
			}
		},
		{
			"from": [7, 5.1, 9.3],
			"to": [8.2, 8.8, 11.3],
			"rotation": {"angle": 12.5, "axis": "x", "origin": [7, 5.1, 8.6]},
			"faces": {
				"north": {"uv": [8, 3, 8.625, 4.875], "texture": "#0"},
				"east": {"uv": [6, 0, 7, 1.875], "texture": "#0"},
				"south": {"uv": [8, 5, 8.625, 6.875], "texture": "#0"},
				"west": {"uv": [6, 2, 7, 3.875], "texture": "#0"},
				"up": {"uv": [3.625, 12.5, 3, 11.5], "texture": "#0"},
				"down": {"uv": [12.125, 3, 11.5, 4], "texture": "#0"}
			}
		},
		{
			"from": [6.6, 21.7, 7.8],
			"to": [7.5, 25.2, 9.8],
			"rotation": {"angle": 13, "axis": "x", "origin": [6, 21.7, 7.8]},
			"faces": {
				"north": {"uv": [11, 3.5, 11.375, 5.25], "texture": "#0"},
				"east": {"uv": [5, 6.5, 5.875, 8.25], "texture": "#0"},
				"south": {"uv": [7, 11, 7.375, 12.75], "texture": "#0"},
				"west": {"uv": [7, 3, 7.875, 4.75], "texture": "#0"},
				"up": {"uv": [11.875, 12.875, 11.5, 12], "texture": "#0"},
				"down": {"uv": [12.375, 11.5, 12, 12.375], "texture": "#0"}
			}
		},
		{
			"from": [7, 2.9, 5.6],
			"to": [8.2, 6.4, 7.6],
			"rotation": {"angle": 12.5, "axis": "x", "origin": [7, 2.9, 4.9]},
			"faces": {
				"north": {"uv": [9, 2, 9.625, 3.75], "texture": "#0"},
				"east": {"uv": [6, 4, 7, 5.75], "texture": "#0"},
				"south": {"uv": [9, 4, 9.625, 5.75], "texture": "#0"},
				"west": {"uv": [6, 6, 7, 7.75], "texture": "#0"},
				"up": {"uv": [12.125, 5, 11.5, 4], "texture": "#0"},
				"down": {"uv": [12.125, 5, 11.5, 6], "texture": "#0"}
			}
		},
		{
			"from": [6.9, 1.3, 9.4],
			"to": [8.2, 1.7, 10.3],
			"rotation": {"angle": -45, "axis": "x", "origin": [6.3, 3.2, 9.9]},
			"faces": {
				"north": {"uv": [12.5, 10, 13.125, 10.25], "texture": "#0"},
				"east": {"uv": [9.5, 7.5, 10, 7.75], "texture": "#0"},
				"south": {"uv": [2, 13, 2.625, 13.25], "texture": "#0"},
				"west": {"uv": [10, 9, 10.5, 9.25], "texture": "#0"},
				"up": {"uv": [13.125, 5.5, 12.5, 5], "texture": "#0"},
				"down": {"uv": [13.125, 5.5, 12.5, 6], "texture": "#0"}
			}
		},
		{
			"from": [6.9, 1.9, 5.5],
			"to": [8.2, 2.4, 6.4],
			"rotation": {"angle": 29, "axis": "x", "origin": [6.3, 0.4, 6]},
			"faces": {
				"north": {"uv": [13, 2, 13.625, 2.25], "texture": "#0"},
				"east": {"uv": [11, 5.5, 11.5, 5.75], "texture": "#0"},
				"south": {"uv": [3, 13, 3.625, 13.25], "texture": "#0"},
				"west": {"uv": [11, 8.5, 11.5, 8.75], "texture": "#0"},
				"up": {"uv": [13.125, 7, 12.5, 6.5], "texture": "#0"},
				"down": {"uv": [13.125, 7, 12.5, 7.5], "texture": "#0"}
			}
		},
		{
			"from": [7, 7.4, 5.8],
			"to": [8.2, 10, 6.7],
			"rotation": {"angle": -17, "axis": "x", "origin": [7, 7.4, 4]},
			"faces": {
				"north": {"uv": [5, 10.5, 5.625, 11.75], "texture": "#0"},
				"east": {"uv": [6, 11.5, 6.5, 12.75], "texture": "#0"},
				"south": {"uv": [10.5, 6, 11.125, 7.25], "texture": "#0"},
				"west": {"uv": [11.5, 6, 12, 7.25], "texture": "#0"},
				"up": {"uv": [13.125, 8, 12.5, 7.5], "texture": "#0"},
				"down": {"uv": [13.125, 8.5, 12.5, 9], "texture": "#0"}
			}
		},
		{
			"from": [6.7, 1.7, 8.3],
			"to": [6.7, 20.5, 9.5],
			"rotation": {"angle": 0, "axis": "y", "origin": [6.7, 1.7, 8.3]},
			"faces": {
				"north": {"uv": [0, 0, 0, 9.375], "texture": "#1"},
				"east": {"uv": [0, 0, 0.625, 9.375], "texture": "#1"},
				"south": {"uv": [0, 0, 0, 9.375], "texture": "#1"},
				"west": {"uv": [1, 0, 1.625, 9.375], "texture": "#1"},
				"up": {"uv": [0, 0.625, 0, 0], "texture": "#1"},
				"down": {"uv": [0, 0, 0, 0.625], "texture": "#1"}
			}
		},
		{
			"from": [7, 2.1, 6.6],
			"to": [8.2, 3.2, 8.7],
			"rotation": {"angle": -43.5, "axis": "x", "origin": [7, 1.7, 6.7]},
			"faces": {
				"north": {"uv": [12.5, 9, 13.125, 9.5], "texture": "#0"},
				"east": {"uv": [1, 12, 2, 12.5], "texture": "#0"},
				"south": {"uv": [12.5, 9.5, 13.125, 10], "texture": "#0"},
				"west": {"uv": [12, 1, 13, 1.5], "texture": "#0"},
				"up": {"uv": [12.125, 9.5, 11.5, 8.5], "texture": "#0"},
				"down": {"uv": [12.125, 9.5, 11.5, 10.5], "texture": "#0"}
			}
		},
		{
			"from": [6.9, 1.5, 7.1],
			"to": [8.2, 2, 10.9],
			"rotation": {"angle": 0, "axis": "y", "origin": [6.3, 0, 7.6]},
			"faces": {
				"north": {"uv": [4, 13, 4.625, 13.25], "texture": "#0"},
				"east": {"uv": [12, 2.5, 13.875, 2.75], "texture": "#0"},
				"south": {"uv": [5, 13, 5.625, 13.25], "texture": "#0"},
				"west": {"uv": [12, 6, 13.875, 6.25], "texture": "#0"},
				"up": {"uv": [6.625, 9.875, 6, 8], "texture": "#0"},
				"down": {"uv": [8.625, 7, 8, 8.875], "texture": "#0"}
			}
		}
	],
	"display": {
		"thirdperson_righthand": {
			"rotation": [178, 0, 0],
			"translation": [0.5, 9, 1.5],
			"scale": [1.1, 1.1, 1.1]
		},
		"thirdperson_lefthand": {
			"rotation": [0, 19, 85],
			"translation": [-2.25, 0, 1.75]
		},
		"firstperson_righthand": {
			"rotation": [142.5, 0, 0],
			"translation": [1, 9, 0]
		},
		"firstperson_lefthand": {
			"rotation": [-90, 15, 90],
			"translation": [-2.75, 0.75, 1.75]
		},
		"ground": {
			"rotation": [1.6, -1.92, -92.7],
			"translation": [-4.5, -2.75, -1.5]
		},
		"gui": {
			"rotation": [105, 138, -113],
			"translation": [2.25, -3.5, 0],
			"scale": [0.75, 0.75, 0.75]
		},
		"head": {
			"rotation": [0, 90, 0],
			"translation": [-1, 1.5, 6.25]
		},
		"fixed": {
			"rotation": [84.31, -139, 84.18],
			"translation": [-4.25, -5.5, 0],
			"scale": [1.25, 1.25, 1.25]
		}
	},
	"groups": [
		{
			"name": "group",
			"origin": [7, 8.3, 10.1],
			"color": 0,
			"children": [0, 1, 2, 3, 4, 5, 6, 7, 8, 9, 10, 11, 12, 13, 14, 15, 16, 17, 18, 19, 20, 21, 22]
		}
	]
}