{
	"format_version": "1.21.6",
	"credit": "Made with Blockbench",
	"texture_size": [32, 32],
	"textures": {
		"0": "blincek:item/bombo4ka",
		"particle": "blincek:item/bombo4ka"
	},
	"elements": [
		{
			"from": [6.7, 3.1, 11.2],
			"to": [9.7, 6.2, 16.3],
			"rotation": {"angle": 0, "axis": "y", "origin": [7, 2.8, 11.7]},
			"faces": {
				"north": {"uv": [3.5, 11.5, 5, 13], "texture": "#0"},
				"east": {"uv": [2.5, 10, 5, 11.5], "texture": "#0"},
				"south": {"uv": [12, 1.5, 13.5, 3], "texture": "#0"},
				"west": {"uv": [10, 4, 12.5, 5.5], "texture": "#0"},
				"up": {"uv": [6.5, 12.5, 5, 10], "texture": "#0"},
				"down": {"uv": [11.5, 5.5, 10, 8], "texture": "#0"}
			}
		},
		{
			"from": [6.2, 6.75, 0.85],
			"to": [10.3, 6.75, 4.75],
			"rotation": {"angle": 0, "axis": "y", "origin": [7.2, 8.75, 2.75]},
			"faces": {
				"north": {"uv": [0, 0, 2, 0], "texture": "#0"},
				"east": {"uv": [0, 0, 2, 0], "texture": "#0"},
				"south": {"uv": [0, 0, 2, 0], "texture": "#0"},
				"west": {"uv": [0, 0, 2, 0], "texture": "#0"},
				"up": {"uv": [10, 4.5, 8, 2.5], "texture": "#0"},
				"down": {"uv": [10, 4.5, 8, 6.5], "texture": "#0"}
			}
		},
		{
			"from": [6.2, 2.65, 0.85],
			"to": [10.3, 2.65, 4.75],
			"rotation": {"angle": 0, "axis": "y", "origin": [7.2, 4.65, 2.75]},
			"faces": {
				"north": {"uv": [0, 0, 2, 0], "texture": "#0"},
				"east": {"uv": [0, 0, 2, 0], "texture": "#0"},
				"south": {"uv": [0, 0, 2, 0], "texture": "#0"},
				"west": {"uv": [0, 0, 2, 0], "texture": "#0"},
				"up": {"uv": [7, 10, 5, 8], "texture": "#0"},
				"down": {"uv": [10, 6.5, 8, 8.5], "texture": "#0"}
			}
		},
		{
			"from": [6.3, 2.7, 9.4],
			"to": [10.1, 6.6, 12.1],
			"rotation": {"angle": 0, "axis": "y", "origin": [7, 2.9, 8.6]},
			"faces": {
				"north": {"uv": [0, 10.5, 1.875, 12.5], "texture": "#0"},
				"east": {"uv": [11, 8, 12.375, 10], "texture": "#0"},
				"south": {"uv": [6.5, 10.5, 8.375, 12.5], "texture": "#0"},
				"west": {"uv": [2, 11.5, 3.375, 13.5], "texture": "#0"},
				"up": {"uv": [13.375, 6.875, 11.5, 5.5], "texture": "#0"},
				"down": {"uv": [13.875, 0, 12, 1.375], "texture": "#0"}
			}
		},
		{
			"from": [6, 2.4, 3.9],
			"to": [10.5, 6.9, 9.1],
			"rotation": {"angle": 0, "axis": "y", "origin": [7, 2.9, 6.5]},
			"faces": {
				"north": {"uv": [7.5, 0, 9.75, 2.25], "texture": "#0"},
				"east": {"uv": [2.5, 5, 5.125, 7.25], "texture": "#0"},
				"south": {"uv": [2.5, 7.5, 4.75, 9.75], "texture": "#0"},
				"west": {"uv": [5, 2.5, 7.625, 4.75], "texture": "#0"},
				"up": {"uv": [7.75, 7.625, 5.5, 5], "texture": "#0"},
				"down": {"uv": [2.25, 7.5, 0, 10.125], "texture": "#0"}
			}
		},
		{
			"from": [6.2, 2.65, 0.85],
			"to": [6.2, 6.75, 4.75],
			"rotation": {"angle": 0, "axis": "y", "origin": [4.2, 3.75, 2.75]},
			"faces": {
				"north": {"uv": [0, 0, 0, 2], "texture": "#0"},
				"east": {"uv": [7, 8.5, 9, 10.5], "texture": "#0"},
				"south": {"uv": [0, 0, 0, 2], "texture": "#0"},
				"west": {"uv": [9, 8.5, 11, 10.5], "texture": "#0"},
				"up": {"uv": [0, 2, 0, 0], "texture": "#0"},
				"down": {"uv": [0, 0, 0, 2], "texture": "#0"}
			}
		},
		{
			"from": [10.3, 2.65, 0.85],
			"to": [10.3, 6.75, 4.75],
			"rotation": {"angle": 0, "axis": "y", "origin": [8.3, 3.75, 2.75]},
			"faces": {
				"north": {"uv": [0, 0, 0, 2], "texture": "#0"},
				"east": {"uv": [10, 0, 12, 2], "texture": "#0"},
				"south": {"uv": [0, 0, 0, 2], "texture": "#0"},
				"west": {"uv": [10, 2, 12, 4], "texture": "#0"},
				"up": {"uv": [0, 2, 0, 0], "texture": "#0"},
				"down": {"uv": [0, 0, 0, 2], "texture": "#0"}
			}
		},
		{
			"from": [6.3, 2.7, 16.1],
			"to": [10.1, 6.6, 17.2],
			"rotation": {"angle": 0, "axis": "y", "origin": [7, 2.8, 16.6]},
			"faces": {
				"north": {"uv": [8.5, 10.5, 10.375, 12.5], "texture": "#0"},
				"east": {"uv": [0, 12.5, 0.5, 14.5], "texture": "#0"},
				"south": {"uv": [10.5, 10.5, 12.375, 12.5], "texture": "#0"},
				"west": {"uv": [0.5, 12.5, 1, 14.5], "texture": "#0"},
				"up": {"uv": [12.875, 10.5, 11, 10], "texture": "#0"},
				"down": {"uv": [13.375, 7, 11.5, 7.5], "texture": "#0"}
			}
		},
		{
			"from": [5.8, 2.2, 4.5],
			"to": [10.6, 7.1, 9.4],
			"rotation": {"angle": 0, "axis": "y", "origin": [7, 2.9, 6.8]},
			"faces": {
				"north": {"uv": [2.5, 0, 4.875, 2.5], "texture": "#0"},
				"east": {"uv": [0, 0, 2.5, 2.5], "texture": "#0"},
				"south": {"uv": [2.5, 2.5, 4.875, 5], "texture": "#0"},
				"west": {"uv": [0, 2.5, 2.5, 5], "texture": "#0"},
				"up": {"uv": [2.375, 7.5, 0, 5], "texture": "#0"},
				"down": {"uv": [7.375, 0, 5, 2.5], "texture": "#0"}
			}
		}
	],
	"display": {
		"thirdperson_righthand": {
			"rotation": [-178.46, 0.05, 178.65],
			"translation": [0.25, 1.85, -4],
			"scale": [1.13086, 1.12695, 1]
		},
		"thirdperson_lefthand": {
			"rotation": [-178.46, 0.05, 178.65],
			"translation": [-0.25, 1.85, -4],
			"scale": [1.13086, 1.12695, 1]
		},
		"firstperson_righthand": {
			"rotation": [-180, 10, -180],
			"translation": [1, 3.5, 1.25]
		},
		"firstperson_lefthand": {
			"rotation": [-180, 10, -180],
			"translation": [1, 3.75, 1.5]
		},
		"ground": {
			"translation": [0, 2.25, 0]
		},
		"gui": {
			"rotation": [-93.31, -52.91, -92.66],
			"translation": [3.5, 2.75, 0],
			"scale": [1, 1.24414, 1.15039]
		},
		"fixed": {
			"rotation": [-93.31, -52.91, -92.66],
			"translation": [3.25, 1.75, 0],
			"scale": [1, 1.24414, 1.15039]
		}
	},
	"groups": [
		{
			"name": "group",
			"origin": [0, 0, 0],
			"color": 0,
			"children": [0, 1, 2, 3, 4, 5, 6, 7, 8]
		}
	]
}