{
	"format_version": "1.21.6",
	"credit": "Made with Blockbench",
	"textures": {
		"0": "blincek:item/ketch",
		"1": "blincek:item/brrr_ketch",
		"2": "blincek:item/kap_ketch",
		"particle": "blincek:item/ketch"
	},
	"elements": [
		{
			"from": [6.8, 0.2, 13],
			"to": [8.2, 0.7, 16.5],
			"rotation": {"angle": 0, "axis": "y", "origin": [6.5, 0, 13]},
			"faces": {
				"north": {"uv": [10, 4, 10.75, 4.25], "texture": "#0"},
				"east": {"uv": [9.5, 5.5, 11.25, 5.75], "texture": "#0"},
				"south": {"uv": [4.5, 10, 5.25, 10.25], "texture": "#0"},
				"west": {"uv": [9.5, 6, 11.25, 6.25], "texture": "#0"},
				"up": {"uv": [8.75, 6.75, 8, 5], "texture": "#0"},
				"down": {"uv": [7.75, 8, 7, 9.75], "texture": "#0"}
			}
		},
		{
			"from": [6.3, -0.1, 6.1],
			"to": [8.7, 4.1, 13],
			"rotation": {"angle": 0, "axis": "y", "origin": [7, 0, 9.9]},
			"faces": {
				"north": {"uv": [0, 7, 1.25, 9.125], "texture": "#0"},
				"east": {"uv": [0, 0, 3.5, 2.125], "texture": "#0"},
				"south": {"uv": [1.5, 7, 2.75, 9.125], "texture": "#0"},
				"west": {"uv": [0, 2.5, 3.5, 4.625], "texture": "#0"},
				"up": {"uv": [5.25, 9, 4, 5.5], "texture": "#0"},
				"down": {"uv": [6.75, 5.5, 5.5, 9], "texture": "#0"}
			}
		},
		{
			"from": [6.8, 3.3, 12.8],
			"to": [8.2, 3.9, 17.2],
			"rotation": {"angle": 12, "axis": "x", "origin": [6.5, 3.4, 12.8]},
			"faces": {
				"north": {"uv": [10, 4.5, 10.75, 4.75], "texture": "#0"},
				"east": {"uv": [0, 5, 2.25, 5.25], "texture": "#0"},
				"south": {"uv": [10, 5, 10.75, 5.25], "texture": "#0"},
				"west": {"uv": [0, 9.5, 2.25, 9.75], "texture": "#0"},
				"up": {"uv": [3.75, 9.25, 3, 7], "texture": "#0"},
				"down": {"uv": [7.75, 5.5, 7, 7.75], "texture": "#0"}
			}
		},
		{
			"from": [7.3, 3, 14.3],
			"to": [7.7, 3.6, 15.6],
			"rotation": {"angle": -3, "axis": "x", "origin": [7, 3.1, 14.5]},
			"faces": {
				"north": {"uv": [10.5, 3, 10.75, 3.25], "texture": "#0"},
				"east": {"uv": [10, 8, 10.625, 8.25], "texture": "#0"},
				"south": {"uv": [7, 10.5, 7.25, 10.75], "texture": "#0"},
				"west": {"uv": [10, 8.5, 10.625, 8.75], "texture": "#0"},
				"up": {"uv": [9.25, 10.625, 9, 10], "texture": "#0"},
				"down": {"uv": [10.25, 9, 10, 9.625], "texture": "#0"}
			}
		},
		{
			"from": [6.8, 0.3, 16.7],
			"to": [8.2, 3.1, 17.2],
			"rotation": {"angle": 13, "axis": "x", "origin": [6.5, 3.1, 16.5]},
			"faces": {
				"north": {"uv": [8, 7, 8.75, 8.375], "texture": "#0"},
				"east": {"uv": [2, 10, 2.25, 11.375], "texture": "#0"},
				"south": {"uv": [8.5, 0, 9.25, 1.375], "texture": "#0"},
				"west": {"uv": [10, 2, 10.25, 3.375], "texture": "#0"},
				"up": {"uv": [6.25, 10.25, 5.5, 10], "texture": "#0"},
				"down": {"uv": [7.75, 10, 7, 10.25], "texture": "#0"}
			}
		},
		{
			"from": [7.7, 0.7, -1.1],
			"to": [8.1, 3.3, 6.5],
			"rotation": {"angle": 0, "axis": "y", "origin": [6, 0.7, 0]},
			"faces": {
				"north": {"uv": [2.5, 10, 2.75, 11.25], "texture": "#0"},
				"east": {"uv": [3.5, 4, 7.25, 5.25], "texture": "#0"},
				"south": {"uv": [3, 10, 3.25, 11.25], "texture": "#0"},
				"west": {"uv": [0, 5.5, 3.75, 6.75], "texture": "#0"},
				"up": {"uv": [8.25, 12.25, 8, 8.5], "texture": "#0"},
				"down": {"uv": [8.75, 8.5, 8.5, 12.25], "texture": "#0"}
			}
		},
		{
			"from": [8.7, 3.1, 7.1],
			"to": [8.9, 5, 8.3],
			"rotation": {"angle": 0, "axis": "y", "origin": [7.2, -0.1, 7.1]},
			"faces": {
				"north": {"uv": [1.5, 10.5, 1.625, 11.5], "texture": "#0"},
				"east": {"uv": [9, 4.5, 9.625, 5.5], "texture": "#0"},
				"south": {"uv": [10.5, 2, 10.625, 3], "texture": "#0"},
				"west": {"uv": [5.5, 9, 6.125, 10], "texture": "#0"},
				"up": {"uv": [5.625, 11.125, 5.5, 10.5], "texture": "#0"},
				"down": {"uv": [6.125, 10.5, 6, 11.125], "texture": "#0"}
			}
		},
		{
			"from": [5.6, 4.5, 7.1],
			"to": [8.7, 5, 8.3],
			"rotation": {"angle": 0, "axis": "y", "origin": [5.6, 4.4, 7.1]},
			"faces": {
				"north": {"uv": [2.5, 9.5, 4, 9.75], "texture": "#0"},
				"east": {"uv": [9.5, 10, 10.125, 10.25], "texture": "#0"},
				"south": {"uv": [9.5, 6.5, 11, 6.75], "texture": "#0"},
				"west": {"uv": [10.5, 0, 11.125, 0.25], "texture": "#0"},
				"up": {"uv": [10, 4.125, 8.5, 3.5], "texture": "#0"},
				"down": {"uv": [5.5, 9, 4, 9.625], "texture": "#0"}
			}
		},
		{
			"from": [7.9, 0.225, -1.6],
			"to": [7.9, 3.825, 6.5],
			"rotation": {"angle": 0, "axis": "y", "origin": [6.1, 0.725, 0]},
			"faces": {
				"north": {"uv": [0, 0, 0, 0.875], "texture": "#1"},
				"east": {"uv": [0, 0, 16, 6.875], "texture": "#1"},
				"south": {"uv": [0, 0, 0, 0.875], "texture": "#1"},
				"west": {"uv": [16, 0, 0, 6.875], "texture": "#1"},
				"up": {"uv": [0, 2, 0, 0], "texture": "#1"},
				"down": {"uv": [0, 0, 0, 2], "texture": "#1"}
			}
		},
		{
			"from": [7.9, -0.825, 2.375],
			"to": [7.9, 0.775, 5.475],
			"rotation": {"angle": 0, "axis": "y", "origin": [6.1, -0.325, 2.975]},
			"faces": {
				"north": {"uv": [0, 0, 0, 2], "texture": "#2"},
				"east": {"uv": [12, 0, 0, 6], "texture": "#2"},
				"south": {"uv": [0, 0, 0, 2], "texture": "#2"},
				"west": {"uv": [12, 0, 0, 6], "texture": "#2"},
				"up": {"uv": [0, 3, 0, 0], "texture": "#2"},
				"down": {"uv": [0, 0, 0, 3], "texture": "#2"}
			}
		},
		{
			"from": [5.1, -0.1, 7.1],
			"to": [5.6, 5, 8.3],
			"rotation": {"angle": 0, "axis": "y", "origin": [3.6, -0.1, 7.1]},
			"faces": {
				"north": {"uv": [9, 5.5, 9.25, 8], "texture": "#0"},
				"east": {"uv": [7.5, 0, 8.125, 2.5], "texture": "#0"},
				"south": {"uv": [6.5, 9, 6.75, 11.5], "texture": "#0"},
				"west": {"uv": [7.5, 2.5, 8.125, 5], "texture": "#0"},
				"up": {"uv": [10.75, 1.125, 10.5, 0.5], "texture": "#0"},
				"down": {"uv": [1.25, 10.5, 1, 11.125], "texture": "#0"}
			}
		},
		{
			"from": [8.7, 3, 6.9],
			"to": [9, 4.1, 8.5],
			"rotation": {"angle": 0, "axis": "y", "origin": [7.2, -0.1, 7.1]},
			"faces": {
				"north": {"uv": [10.5, 7, 10.625, 7.5], "texture": "#0"},
				"east": {"uv": [9.5, 7, 10.25, 7.5], "texture": "#0"},
				"south": {"uv": [7.5, 10.5, 7.625, 11], "texture": "#0"},
				"west": {"uv": [9.5, 7.5, 10.25, 8], "texture": "#0"},
				"up": {"uv": [3.625, 11.25, 3.5, 10.5], "texture": "#0"},
				"down": {"uv": [4.125, 10.5, 4, 11.25], "texture": "#0"}
			}
		},
		{
			"from": [6.6, 0.4, 5.9],
			"to": [7.7, 1.9, 6.1],
			"rotation": {"angle": 0, "axis": "y", "origin": [5.8, 1.4, 6.1]},
			"faces": {
				"north": {"uv": [0, 10, 0.5, 10.75], "texture": "#0"},
				"east": {"uv": [4.5, 10.5, 4.625, 11.25], "texture": "#0"},
				"south": {"uv": [0.5, 10, 1, 10.75], "texture": "#0"},
				"west": {"uv": [5, 10.5, 5.125, 11.25], "texture": "#0"},
				"up": {"uv": [11, 7.625, 10.5, 7.5], "texture": "#0"},
				"down": {"uv": [11, 9, 10.5, 9.125], "texture": "#0"}
			}
		},
		{
			"from": [5.6, -0.2, 7.1],
			"to": [7.6, 0.5, 8.3],
			"rotation": {"angle": 0, "axis": "y", "origin": [5.6, -0.1, 7.1]},
			"faces": {
				"north": {"uv": [1, 10, 2, 10.375], "texture": "#0"},
				"east": {"uv": [3.5, 10, 4.125, 10.375], "texture": "#0"},
				"south": {"uv": [10, 1.5, 11, 1.875], "texture": "#0"},
				"west": {"uv": [10, 3.5, 10.625, 3.875], "texture": "#0"},
				"up": {"uv": [10, 8.625, 9, 8], "texture": "#0"},
				"down": {"uv": [10, 9, 9, 9.625], "texture": "#0"}
			}
		},
		{
			"from": [6.1, 2.3, 10.3],
			"to": [8.1, 3.3, 11.3],
			"rotation": {"angle": 45, "axis": "x", "origin": [6.1, 2.3, 10.3]},
			"faces": {
				"north": {"uv": [2.5, 5, 3.5, 5.5], "texture": "#0"},
				"east": {"uv": [7.5, 5, 8, 5.5], "texture": "#0"},
				"south": {"uv": [9.5, 0, 10.5, 0.5], "texture": "#0"},
				"west": {"uv": [8.5, 4.5, 9, 5], "texture": "#0"},
				"up": {"uv": [10.5, 1, 9.5, 0.5], "texture": "#0"},
				"down": {"uv": [10.5, 1, 9.5, 1.5], "texture": "#0"}
			}
		}
	],
	"display": {
		"thirdperson_righthand": {
			"rotation": [59.75, 0, 0],
			"translation": [0.5, 11, 2.5],
			"scale": [1.5, 1.5, 1.5]
		},
		"thirdperson_lefthand": {
			"rotation": [89, 0, 0],
			"translation": [-1, -2.25, 5.5],
			"scale": [1.5, 1.5, 1.5]
		},
		"firstperson_righthand": {
			"rotation": [31.25, 0, -8],
			"translation": [3.25, 8.75, 2],
			"scale": [1.5, 1.5, 1.5]
		},
		"firstperson_lefthand": {
			"rotation": [-7, 0, 0],
			"translation": [1.75, 5.5, 0.25],
			"scale": [1.5, 1.5, 1.5]
		},
		"ground": {
			"translation": [0.5, 6.75, 0]
		},
		"gui": {
			"rotation": [133.79, 50.31, -122.08],
			"translation": [3.25, 4.75, 0]
		},
		"head": {
			"translation": [0.25, 12, -3],
			"scale": [1.5, 1.5, 1.5]
		},
		"fixed": {
			"rotation": [-88.77, -35.5, 1.53],
			"translation": [-1, 0.75, -12],
			"scale": [1.5, 1.5, 1.5]
		}
	},
	"groups": [
		{
			"name": "group",
			"origin": [6, 0.4, 0],
			"color": 0,
			"children": [0, 1, 2, 3, 4, 5, 6, 7, 8, 9, 10, 11, 12, 13, 14]
		}
	]
}