{
	"format_version": "1.21.6",
	"credit": "Made with Blockbench",
	"texture_size": [64, 64],
	"textures": {
		"0": "blincek:item/kovrik",
		"particle": "blincek:item/kovrik"
	},
	"elements": [
		{
			"from": [5.57157, 6.82843, 0],
			"to": [11.57157, 12.82843, 20],
			"rotation": {"angle": -45, "axis": "z", "origin": [8.4, 10, 0]},
			"faces": {
				"north": {"uv": [6.5, 2, 5, 3.5], "texture": "#0"},
				"east": {"uv": [5, 3, 0, 1.5], "texture": "#0"},
				"south": {"uv": [3, 5, 4.5, 6.5], "texture": "#0"},
				"west": {"uv": [0, 1.5, 5, 3], "texture": "#0"},
				"up": {"uv": [1.5, 8, 0, 3], "texture": "#0"},
				"down": {"uv": [0, 3, 1.5, 8], "texture": "#0"}
			}
		},
		{
			"from": [3.2, 8.75, 20],
			"to": [11.2, 16.75, 22],
			"rotation": {"angle": -45, "axis": "z", "origin": [4.2, 9.8, 3]},
			"faces": {
				"north": {"uv": [3, 3, 5, 5], "rotation": 90, "texture": "#0"},
				"east": {"uv": [7.75, 6, 5.75, 6.5], "rotation": 270, "texture": "#0"},
				"south": {"uv": [5, 0, 7, 2], "rotation": 270, "texture": "#0"},
				"west": {"uv": [7.75, 6, 5.75, 5.5], "rotation": 270, "texture": "#0"},
				"up": {"uv": [5.25, 5, 5.75, 7], "rotation": 270, "texture": "#0"},
				"down": {"uv": [5.75, 3.5, 6.25, 5.5], "rotation": 270, "texture": "#0"}
			}
		},
		{
			"from": [7.6, 2, 0],
			"to": [9.6, 8, 3],
			"rotation": {"angle": 20, "axis": "x", "origin": [7.35, 6, 0]},
			"faces": {
				"north": {"uv": [6.5, 2, 7, 3.5], "texture": "#0"},
				"east": {"uv": [5, 3.5, 5.75, 5], "texture": "#0"},
				"south": {"uv": [3, 6.5, 3.5, 8], "texture": "#0"},
				"west": {"uv": [4.5, 5, 5.25, 6.5], "texture": "#0"},
				"up": {"uv": [7.5, 2.5, 7, 1.75], "texture": "#0"},
				"down": {"uv": [7.5, 2.5, 7, 3.25], "texture": "#0"}
			}
		},
		{
			"from": [6.25, 12, 7],
			"to": [10.25, 15, 11],
			"rotation": {"angle": 0, "axis": "y", "origin": [6.25, 14, 9]},
			"faces": {
				"north": {"uv": [3.5, 6.5, 4.5, 7.25], "texture": "#0"},
				"east": {"uv": [5.75, 6.5, 6.75, 7.25], "texture": "#0"},
				"south": {"uv": [6.75, 6.5, 7.75, 7.25], "texture": "#0"},
				"west": {"uv": [7, 0, 8, 0.75], "texture": "#0"},
				"up": {"uv": [7.25, 4.5, 6.25, 3.5], "texture": "#0"},
				"down": {"uv": [7.25, 4.5, 6.25, 5.5], "texture": "#0"}
			}
		},
		{
			"from": [6.25, 16, 20.5],
			"to": [8.25, 18, 21.5],
			"rotation": {"angle": -45, "axis": "z", "origin": [8.25, 16, 19.5]},
			"faces": {
				"north": {"uv": [5, 7, 5.5, 7.5], "texture": "#0"},
				"east": {"uv": [5, 6.5, 5.25, 7], "texture": "#0"},
				"south": {"uv": [7.25, 3.25, 7.75, 3.75], "texture": "#0"},
				"west": {"uv": [4.25, 7.25, 4.5, 7.75], "texture": "#0"},
				"up": {"uv": [7.75, 5.5, 7.25, 5.25], "texture": "#0"},
				"down": {"uv": [7.25, 7.25, 6.75, 7.5], "texture": "#0"}
			}
		},
		{
			"from": [4, 5, 6],
			"to": [5, 9, 8],
			"rotation": {"angle": -30, "axis": "x", "origin": [4, 7, 6]},
			"faces": {
				"north": {"uv": [5.5, 7, 5.75, 8], "texture": "#0"},
				"east": {"uv": [4.5, 6.5, 5, 7.5], "texture": "#0"},
				"south": {"uv": [3.5, 7.25, 3.75, 8.25], "texture": "#0"},
				"west": {"uv": [7, 0.75, 7.5, 1.75], "texture": "#0"},
				"up": {"uv": [7.5, 7.75, 7.25, 7.25], "texture": "#0"},
				"down": {"uv": [7.75, 0.75, 7.5, 1.25], "texture": "#0"}
			}
		},
		{
			"from": [7.75, 14.75, 20.6],
			"to": [8.75, 16.75, 21.4],
			"rotation": {"angle": 0, "axis": "y", "origin": [7.75, 14.75, 19.4]},
			"faces": {
				"north": {"uv": [7.5, 1.25, 7.75, 1.75], "texture": "#0"},
				"east": {"uv": [7.5, 1.75, 7.75, 2.25], "texture": "#0"},
				"south": {"uv": [7.5, 2.25, 7.75, 2.75], "texture": "#0"},
				"west": {"uv": [7.5, 2.75, 7.75, 3.25], "texture": "#0"},
				"up": {"uv": [7.25, 3.5, 7, 3.25], "texture": "#0"},
				"down": {"uv": [4.75, 7.5, 4.5, 7.75], "texture": "#0"}
			}
		},
		{
			"from": [3.7, 8.6, 5],
			"to": [5.7, 10.6, 7],
			"rotation": {"angle": 0, "axis": "y", "origin": [3.7, 8.6, 5]},
			"faces": {
				"north": {"uv": [3.75, 7.25, 4.25, 7.75], "texture": "#0"},
				"east": {"uv": [7.25, 3.75, 7.75, 4.25], "texture": "#0"},
				"south": {"uv": [7.25, 4.25, 7.75, 4.75], "texture": "#0"},
				"west": {"uv": [7.25, 4.75, 7.75, 5.25], "texture": "#0"},
				"up": {"uv": [6.25, 7.75, 5.75, 7.25], "texture": "#0"},
				"down": {"uv": [6.75, 7.25, 6.25, 7.75], "texture": "#0"}
			}
		}
	],
	"display": {
		"thirdperson_righthand": {
			"rotation": [-69.49, -84.56, -69.62],
			"translation": [-4, 0.75, 1.25],
			"scale": [0.6, 0.6, 0.6]
		},
		"thirdperson_lefthand": {
			"rotation": [-112.5, -75.25, -119.5],
			"translation": [-4.25, 0, 2.25],
			"scale": [0.6, 0.6, 0.6]
		},
		"firstperson_righthand": {
			"rotation": [0, 170, 0],
			"translation": [2.9, -5, -7.5]
		},
		"firstperson_lefthand": {
			"rotation": [177.25, 6.74, -179.52],
			"translation": [2.8, -4.25, -6.75]
		},
		"gui": {
			"rotation": [-20, 51, 0],
			"translation": [-2.5, -1.75, 0.25]
		},
		"head": {
			"rotation": [0, -180, 0],
			"translation": [0.25, 4.5, -6.25]
		},
		"fixed": {
			"rotation": [-90, 45, 90],
			"translation": [-0.5, -2.75, 0]
		}
	},
	"groups": [
		{
			"name": "group",
			"origin": [8, 8, 8],
			"color": 0,
			"children": [0, 1, 2, 3, 4, 5, 6, 7]
		}
	]
}