{
	"format_version": "1.21.6",
	"credit": "Made with Blockbench",
	"texture_size": [4, 4],
	"textures": {
		"0": "blincek:item/rivia298",
		"1": "blincek:item/rivia298_1",
		"particle": "blincek:item/rivia298"
	},
	"elements": [
		{
			"from": [7.2, 5.8, 5.2],
			"to": [8.3, 6.8, 6],
			"rotation": {"angle": 0, "axis": "y", "origin": [7, 3.8, 10.8]},
			"faces": {
				"north": {"uv": [10, 1.5, 10.5, 2], "texture": "#0"},
				"east": {"uv": [10, 7, 10.375, 7.5], "texture": "#0"},
				"south": {"uv": [10, 2, 10.5, 2.5], "texture": "#0"},
				"west": {"uv": [7.5, 10, 7.875, 10.5], "texture": "#0"},
				"up": {"uv": [10.5, 7.875, 10, 7.5], "texture": "#0"},
				"down": {"uv": [8.5, 10, 8, 10.375], "texture": "#0"}
			}
		},
		{
			"from": [7.3, 4.9, 11.2],
			"to": [8.2, 5.2, 16],
			"rotation": {"angle": 0, "axis": "y", "origin": [7, 2, 16]},
			"faces": {
				"north": {"uv": [3.5, 11, 4, 11.125], "texture": "#0"},
				"east": {"uv": [6.5, 9.5, 8.875, 9.625], "texture": "#0"},
				"south": {"uv": [11, 3.5, 11.5, 3.625], "texture": "#0"},
				"west": {"uv": [9.5, 6.5, 11.875, 6.625], "texture": "#0"},
				"up": {"uv": [2.5, 6.375, 2, 4], "texture": "#0"},
				"down": {"uv": [2.5, 6.5, 2, 8.875], "texture": "#0"}
			}
		},
		{
			"from": [7.1, 1.1, 11.2],
			"to": [8.4, 5, 16],
			"rotation": {"angle": 0, "axis": "y", "origin": [7, 1.1, 16]},
			"faces": {
				"north": {"uv": [7, 1, 7.625, 3], "texture": "#0"},
				"east": {"uv": [0, 0, 2.375, 2], "texture": "#0"},
				"south": {"uv": [7, 3, 7.625, 5], "texture": "#0"},
				"west": {"uv": [0, 2, 2.375, 4], "texture": "#0"},
				"up": {"uv": [6.125, 7.375, 5.5, 5], "texture": "#0"},
				"down": {"uv": [1.625, 6.5, 1, 8.875], "texture": "#0"}
			}
		},
		{
			"from": [8, 5.1, 4.3],
			"to": [8.1, 5.9, 4.9],
			"rotation": {"angle": 0, "axis": "y", "origin": [6.9, 3, 20.7]},
			"faces": {
				"north": {"uv": [11, 9.5, 11.125, 9.875], "texture": "#0"},
				"east": {"uv": [9.5, 10.5, 9.75, 10.875], "texture": "#0"},
				"south": {"uv": [10, 11, 10.125, 11.375], "texture": "#0"},
				"west": {"uv": [10.5, 9.5, 10.75, 9.875], "texture": "#0"},
				"up": {"uv": [11.625, 1.75, 11.5, 1.5], "texture": "#0"},
				"down": {"uv": [2.125, 11.5, 2, 11.75], "texture": "#0"}
			}
		},
		{
			"from": [7.1, 3.2, 6.4],
			"to": [8.4, 5, 11.2],
			"rotation": {"angle": 0, "axis": "y", "origin": [7, 1.1, 11.2]},
			"faces": {
				"north": {"uv": [8.5, 8.5, 9.125, 9.375], "texture": "#0"},
				"east": {"uv": [4.5, 3, 6.875, 3.875], "texture": "#0"},
				"south": {"uv": [1, 9, 1.625, 9.875], "texture": "#0"},
				"west": {"uv": [4.5, 4, 6.875, 4.875], "texture": "#0"},
				"up": {"uv": [4.125, 8.875, 3.5, 6.5], "texture": "#0"},
				"down": {"uv": [7.125, 5, 6.5, 7.375], "texture": "#0"}
			}
		},
		{
			"from": [7.2, 4.5, -8.2],
			"to": [8.3, 5.5, -7.6],
			"rotation": {"angle": 0, "axis": "y", "origin": [7, 2.5, 8.2]},
			"faces": {
				"north": {"uv": [10, 2.5, 10.5, 3], "texture": "#0"},
				"east": {"uv": [10.5, 3, 10.75, 3.5], "texture": "#0"},
				"south": {"uv": [10, 3, 10.5, 3.5], "texture": "#0"},
				"west": {"uv": [10.5, 3.5, 10.75, 4], "texture": "#0"},
				"up": {"uv": [11, 4.25, 10.5, 4], "texture": "#0"},
				"down": {"uv": [5, 10.5, 4.5, 10.75], "texture": "#0"}
			}
		},
		{
			"from": [7.1, 0.8, 13.6],
			"to": [8.4, 1.1, 16],
			"rotation": {"angle": 0, "axis": "y", "origin": [7, -2.8, 16]},
			"faces": {
				"north": {"uv": [2.5, 11, 3.125, 11.125], "texture": "#0"},
				"east": {"uv": [10.5, 2.5, 11.75, 2.625], "texture": "#0"},
				"south": {"uv": [11, 3, 11.625, 3.125], "texture": "#0"},
				"west": {"uv": [3, 10.5, 4.25, 10.625], "texture": "#0"},
				"up": {"uv": [8.625, 2.25, 8, 1], "texture": "#0"},
				"down": {"uv": [8.625, 2.5, 8, 3.75], "texture": "#0"}
			}
		},
		{
			"from": [7.3, 1.2, 7.8],
			"to": [8.2, 4, 8.5],
			"rotation": {"angle": -43, "axis": "x", "origin": [7.8, 2.1, 8.1]},
			"faces": {
				"north": {"uv": [4.5, 8, 5, 9.375], "texture": "#0"},
				"east": {"uv": [9, 1, 9.375, 2.375], "texture": "#0"},
				"south": {"uv": [5, 8, 5.5, 9.375], "texture": "#0"},
				"west": {"uv": [2, 9, 2.375, 10.375], "texture": "#0"},
				"up": {"uv": [10.5, 8.375, 10, 8], "texture": "#0"},
				"down": {"uv": [9, 10, 8.5, 10.375], "texture": "#0"}
			}
		},
		{
			"from": [7, 0.7, 16],
			"to": [8.5, 5.2, 16.2],
			"rotation": {"angle": 0, "axis": "y", "origin": [7, 1.1, 16]},
			"faces": {
				"north": {"uv": [1, 4, 1.75, 6.25], "texture": "#0"},
				"east": {"uv": [5, 9.5, 5.125, 11.75], "texture": "#0"},
				"south": {"uv": [4.5, 5, 5.25, 7.25], "texture": "#0"},
				"west": {"uv": [9.5, 7, 9.625, 9.25], "texture": "#0"},
				"up": {"uv": [10.75, 10.625, 10, 10.5], "texture": "#0"},
				"down": {"uv": [11.25, 10, 10.5, 10.125], "texture": "#0"}
			}
		},
		{
			"from": [7.4, 1.4, 4.1],
			"to": [8.1, 2.9, 5.7],
			"rotation": {"angle": 0, "axis": "y", "origin": [7.8, 1, 5.4]},
			"faces": {
				"north": {"uv": [9, 9.5, 9.375, 10.25], "texture": "#0"},
				"east": {"uv": [8, 4, 8.75, 4.75], "texture": "#0"},
				"south": {"uv": [9.5, 9.5, 9.875, 10.25], "texture": "#0"},
				"west": {"uv": [5.5, 8, 6.25, 8.75], "texture": "#0"},
				"up": {"uv": [1.375, 10.75, 1, 10], "texture": "#0"},
				"down": {"uv": [1.875, 10, 1.5, 10.75], "texture": "#0"}
			}
		},
		{
			"from": [7.3, 4.6, -9],
			"to": [8.2, 5.4, 7.4],
			"rotation": {"angle": 0, "axis": "y", "origin": [7, 2.5, 7.4]},
			"faces": {
				"north": {"uv": [10, 8.5, 10.5, 8.875], "texture": "#0"},
				"east": {"uv": [3.5, 0, 11.75, 0.375], "texture": "#0"},
				"south": {"uv": [10, 9, 10.5, 9.375], "texture": "#0"},
				"west": {"uv": [3.5, 0.5, 11.75, 0.875], "texture": "#0"},
				"up": {"uv": [3, 8.25, 2.5, 0], "texture": "#0"},
				"down": {"uv": [3.5, 0, 3, 8.25], "texture": "#0"}
			}
		},
		{
			"from": [7.3, 1.2, 8.5],
			"to": [8.2, 1.9, 10.7],
			"rotation": {"angle": 0, "axis": "y", "origin": [7, 1.2, 10.5]},
			"faces": {
				"north": {"uv": [10, 9.5, 10.5, 9.875], "texture": "#0"},
				"east": {"uv": [9, 3.5, 10.125, 3.875], "texture": "#0"},
				"south": {"uv": [10, 10, 10.5, 10.375], "texture": "#0"},
				"west": {"uv": [9, 4, 10.125, 4.375], "texture": "#0"},
				"up": {"uv": [7, 9.125, 6.5, 8], "texture": "#0"},
				"down": {"uv": [7.5, 8, 7, 9.125], "texture": "#0"}
			}
		},
		{
			"from": [7, 3.5, -6.8],
			"to": [7.2, 3.9, 0.4],
			"rotation": {"angle": -1, "axis": "x", "origin": [5.2, 3.5, -1.6]},
			"faces": {
				"north": {"uv": [11.5, 2, 11.625, 2.25], "texture": "#0"},
				"east": {"uv": [4.5, 7.5, 8.125, 7.75], "texture": "#0"},
				"south": {"uv": [2.5, 11.5, 2.625, 11.75], "texture": "#0"},
				"west": {"uv": [7.5, 5, 11.125, 5.25], "texture": "#0"},
				"up": {"uv": [5.625, 12.625, 5.5, 9], "texture": "#0"},
				"down": {"uv": [6.125, 9, 6, 12.625], "texture": "#0"}
			}
		},
		{
			"from": [7.1, 3.3, -0.5],
			"to": [8.4, 5.1, 6.6],
			"rotation": {"angle": 3, "axis": "x", "origin": [7.8, 4.2, 4.4]},
			"faces": {
				"north": {"uv": [9, 2.5, 9.625, 3.25], "texture": "#0"},
				"east": {"uv": [3.5, 1, 7, 1.75], "texture": "#0"},
				"south": {"uv": [3.5, 9, 4.125, 9.75], "texture": "#0"},
				"west": {"uv": [3.5, 2, 7, 2.75], "texture": "#0"},
				"up": {"uv": [4.125, 6.5, 3.5, 3], "texture": "#0"},
				"down": {"uv": [0.625, 4, 0, 7.5], "texture": "#0"}
			}
		},
		{
			"from": [8, 5.1, 6.3],
			"to": [8.1, 5.9, 6.9],
			"rotation": {"angle": 0, "axis": "y", "origin": [6.9, 3, 22.7]},
			"faces": {
				"north": {"uv": [10.5, 11, 10.625, 11.375], "texture": "#0"},
				"east": {"uv": [1, 11, 1.25, 11.375], "texture": "#0"},
				"south": {"uv": [11, 10.5, 11.125, 10.875], "texture": "#0"},
				"west": {"uv": [11, 1, 11.25, 1.375], "texture": "#0"},
				"up": {"uv": [3.125, 11.75, 3, 11.5], "texture": "#0"},
				"down": {"uv": [3.625, 11.5, 3.5, 11.75], "texture": "#0"}
			}
		},
		{
			"from": [7.4, 5.1, 6.3],
			"to": [7.5, 5.9, 6.9],
			"rotation": {"angle": 0, "axis": "y", "origin": [6.3, 3, 22.7]},
			"faces": {
				"north": {"uv": [11, 11, 11.125, 11.375], "texture": "#0"},
				"east": {"uv": [1.5, 11, 1.75, 11.375], "texture": "#0"},
				"south": {"uv": [1, 11.5, 1.125, 11.875], "texture": "#0"},
				"west": {"uv": [11, 1.5, 11.25, 1.875], "texture": "#0"},
				"up": {"uv": [11.625, 3.75, 11.5, 3.5], "texture": "#0"},
				"down": {"uv": [4.125, 11.5, 4, 11.75], "texture": "#0"}
			}
		},
		{
			"from": [7.4, 5.1, 4.3],
			"to": [7.5, 5.9, 4.9],
			"rotation": {"angle": 0, "axis": "y", "origin": [6.3, 3, 20.7]},
			"faces": {
				"north": {"uv": [11.5, 1, 11.625, 1.375], "texture": "#0"},
				"east": {"uv": [2, 11, 2.25, 11.375], "texture": "#0"},
				"south": {"uv": [1.5, 11.5, 1.625, 11.875], "texture": "#0"},
				"west": {"uv": [11, 2, 11.25, 2.375], "texture": "#0"},
				"up": {"uv": [11.625, 4.25, 11.5, 4], "texture": "#0"},
				"down": {"uv": [4.625, 11.5, 4.5, 11.75], "texture": "#0"}
			}
		},
		{
			"from": [7.2, 5.8, 3.2],
			"to": [8.3, 6.8, 3.8],
			"rotation": {"angle": 0, "axis": "y", "origin": [7, 3.8, 8.8]},
			"faces": {
				"north": {"uv": [3.5, 10, 4, 10.5], "texture": "#0"},
				"east": {"uv": [10.5, 4.5, 10.75, 5], "texture": "#0"},
				"south": {"uv": [4, 10, 4.5, 10.5], "texture": "#0"},
				"west": {"uv": [6.5, 10.5, 6.75, 11], "texture": "#0"},
				"up": {"uv": [7.5, 10.75, 7, 10.5], "texture": "#0"},
				"down": {"uv": [11, 7, 10.5, 7.25], "texture": "#0"}
			}
		},
		{
			"from": [8.2, 3.4, -6.9],
			"to": [8.6, 4, -6.7],
			"rotation": {"angle": -1, "axis": "x", "origin": [10.2, 3.5, -1.6]},
			"faces": {
				"north": {"uv": [4, 11, 4.25, 11.25], "texture": "#0"},
				"east": {"uv": [11.5, 4.5, 11.625, 4.75], "texture": "#0"},
				"south": {"uv": [11, 4, 11.25, 4.25], "texture": "#0"},
				"west": {"uv": [11.5, 5, 11.625, 5.25], "texture": "#0"},
				"up": {"uv": [11.75, 5.625, 11.5, 5.5], "texture": "#0"},
				"down": {"uv": [11.75, 6, 11.5, 6.125], "texture": "#0"}
			}
		},
		{
			"from": [7.3, 5.9, 3.8],
			"to": [8.2, 6.7, 7.3],
			"rotation": {"angle": 0, "axis": "y", "origin": [7, 3.8, 9.4]},
			"faces": {
				"north": {"uv": [10.5, 1.5, 11, 1.875], "texture": "#0"},
				"east": {"uv": [7.5, 6.5, 9.25, 6.875], "texture": "#0"},
				"south": {"uv": [2, 10.5, 2.5, 10.875], "texture": "#0"},
				"west": {"uv": [7.5, 7, 9.25, 7.375], "texture": "#0"},
				"up": {"uv": [0.5, 9.25, 0, 7.5], "texture": "#0"},
				"down": {"uv": [1, 7.5, 0.5, 9.25], "texture": "#0"}
			}
		},
		{
			"from": [7.2, 5.8, 7.3],
			"to": [8.3, 6.8, 7.9],
			"rotation": {"angle": 0, "axis": "y", "origin": [7, 3.8, 12.9]},
			"faces": {
				"north": {"uv": [6.5, 10, 7, 10.5], "texture": "#0"},
				"east": {"uv": [7.5, 10.5, 7.75, 11], "texture": "#0"},
				"south": {"uv": [7, 10, 7.5, 10.5], "texture": "#0"},
				"west": {"uv": [10.5, 7.5, 10.75, 8], "texture": "#0"},
				"up": {"uv": [8.5, 10.75, 8, 10.5], "texture": "#0"},
				"down": {"uv": [11, 8, 10.5, 8.25], "texture": "#0"}
			}
		},
		{
			"from": [7, 3.4, -0.4],
			"to": [7.3, 4, 0.5],
			"rotation": {"angle": -1, "axis": "x", "origin": [5.3, 3.5, -1.6]},
			"faces": {
				"north": {"uv": [6.5, 11.5, 6.625, 11.75], "texture": "#0"},
				"east": {"uv": [8.5, 10.5, 9, 10.75], "texture": "#0"},
				"south": {"uv": [7, 11.5, 7.125, 11.75], "texture": "#0"},
				"west": {"uv": [10.5, 8.5, 11, 8.75], "texture": "#0"},
				"up": {"uv": [4.625, 11.5, 4.5, 11], "texture": "#0"},
				"down": {"uv": [11.125, 4.5, 11, 5], "texture": "#0"}
			}
		},
		{
			"from": [8.3, 3.5, -6.8],
			"to": [8.5, 3.9, 0.4],
			"rotation": {"angle": -1, "axis": "x", "origin": [10.2, 3.5, -1.6]},
			"faces": {
				"north": {"uv": [11.5, 7, 11.625, 7.25], "texture": "#0"},
				"east": {"uv": [7.5, 5.5, 11.125, 5.75], "texture": "#0"},
				"south": {"uv": [7.5, 11.5, 7.625, 11.75], "texture": "#0"},
				"west": {"uv": [7.5, 6, 11.125, 6.25], "texture": "#0"},
				"up": {"uv": [0.125, 13.125, 0, 9.5], "texture": "#0"},
				"down": {"uv": [0.625, 9.5, 0.5, 13.125], "texture": "#0"}
			}
		},
		{
			"from": [6.9, 3.4, -6.9],
			"to": [7.3, 4, -6.7],
			"rotation": {"angle": -1, "axis": "x", "origin": [5.3, 3.5, -1.6]},
			"faces": {
				"north": {"uv": [6.5, 11, 6.75, 11.25], "texture": "#0"},
				"east": {"uv": [11.5, 7.5, 11.625, 7.75], "texture": "#0"},
				"south": {"uv": [7, 11, 7.25, 11.25], "texture": "#0"},
				"west": {"uv": [8, 11.5, 8.125, 11.75], "texture": "#0"},
				"up": {"uv": [11.75, 8.125, 11.5, 8], "texture": "#0"},
				"down": {"uv": [8.75, 11.5, 8.5, 11.625], "texture": "#0"}
			}
		},
		{
			"from": [8.2, 3.4, -0.4],
			"to": [8.5, 4, 0.5],
			"rotation": {"angle": -1, "axis": "x", "origin": [10.2, 3.5, -1.6]},
			"faces": {
				"north": {"uv": [11.5, 8.5, 11.625, 8.75], "texture": "#0"},
				"east": {"uv": [9, 10.5, 9.5, 10.75], "texture": "#0"},
				"south": {"uv": [9, 11.5, 9.125, 11.75], "texture": "#0"},
				"west": {"uv": [10.5, 9, 11, 9.25], "texture": "#0"},
				"up": {"uv": [11.125, 7.5, 11, 7], "texture": "#0"},
				"down": {"uv": [7.625, 11, 7.5, 11.5], "texture": "#0"}
			}
		},
		{
			"from": [7.6, 6.6, 5.4],
			"to": [8, 7, 5.8],
			"rotation": {"angle": 0, "axis": "y", "origin": [7.7, 4.6, 11]},
			"faces": {
				"north": {"uv": [11, 7.5, 11.25, 7.75], "texture": "#0"},
				"east": {"uv": [8, 11, 8.25, 11.25], "texture": "#0"},
				"south": {"uv": [11, 8, 11.25, 8.25], "texture": "#0"},
				"west": {"uv": [8.5, 11, 8.75, 11.25], "texture": "#0"},
				"up": {"uv": [11.25, 8.75, 11, 8.5], "texture": "#0"},
				"down": {"uv": [9.25, 11, 9, 11.25], "texture": "#0"}
			}
		},
		{
			"from": [7, 6, 5.4],
			"to": [7.3, 6.5, 5.8],
			"rotation": {"angle": 0, "axis": "y", "origin": [7, 4.1, 11]},
			"faces": {
				"north": {"uv": [11.5, 9, 11.625, 9.25], "texture": "#0"},
				"east": {"uv": [11, 9, 11.25, 9.25], "texture": "#0"},
				"south": {"uv": [9.5, 11.5, 9.625, 11.75], "texture": "#0"},
				"west": {"uv": [9.5, 11, 9.75, 11.25], "texture": "#0"},
				"up": {"uv": [11.625, 9.75, 11.5, 9.5], "texture": "#0"},
				"down": {"uv": [10.125, 11.5, 10, 11.75], "texture": "#0"}
			}
		},
		{
			"from": [7.3, 2.2, 10.4],
			"to": [8.2, 2.9, 12.6],
			"rotation": {"angle": -27, "axis": "x", "origin": [7, 2.2, 12.6]},
			"faces": {
				"north": {"uv": [10.5, 2, 11, 2.375], "texture": "#0"},
				"east": {"uv": [9, 4.5, 10.125, 4.875], "texture": "#0"},
				"south": {"uv": [2.5, 10.5, 3, 10.875], "texture": "#0"},
				"west": {"uv": [9.5, 1, 10.625, 1.375], "texture": "#0"},
				"up": {"uv": [8, 9.125, 7.5, 8], "texture": "#0"},
				"down": {"uv": [8.5, 8, 8, 9.125], "texture": "#0"}
			}
		},
		{
			"from": [7.3, 2.6, 4],
			"to": [8.2, 4.1, 5.8],
			"rotation": {"angle": 0, "axis": "x", "origin": [7.8, 2.2, 5.4]},
			"faces": {
				"north": {"uv": [9.5, 1.5, 10, 2.25], "texture": "#0"},
				"east": {"uv": [2.5, 8.5, 3.25, 9.25], "texture": "#0"},
				"south": {"uv": [2.5, 9.5, 3, 10.25], "texture": "#0"},
				"west": {"uv": [8.5, 7.5, 9.25, 8.25], "texture": "#0"},
				"up": {"uv": [3.5, 10.25, 3, 9.5], "texture": "#0"},
				"down": {"uv": [5, 9.5, 4.5, 10.25], "texture": "#0"}
			}
		},
		{
			"from": [7.8, 1.8, 7.4],
			"to": [7.8, 3.8, 11.2],
			"rotation": {"angle": 0, "axis": "y", "origin": [7.8, 1.8, 9.2]},
			"faces": {
				"north": {"uv": [0, 0, 0, 8], "texture": "#1"},
				"east": {"uv": [0, 0, 15, 8], "texture": "#1"},
				"south": {"uv": [0, 0, 0, 8], "texture": "#1"},
				"west": {"uv": [0, 8, 15, 16], "texture": "#1"},
				"up": {"uv": [0, 15, 0, 0], "texture": "#1"},
				"down": {"uv": [0, 0, 0, 15], "texture": "#1"}
			}
		}
	],
	"display": {
		"thirdperson_righthand": {
			"rotation": [0, 19, 0],
			"translation": [0, 5.25, 1]
		},
		"thirdperson_lefthand": {
			"rotation": [0, 19, 0],
			"translation": [0, 5.25, 1]
		},
		"firstperson_righthand": {
			"rotation": [0, -10, 0],
			"translation": [1.3, 6, 0.75]
		},
		"firstperson_lefthand": {
			"rotation": [0, -10, 0],
			"translation": [0.8, 6, 0.75]
		},
		"ground": {
			"translation": [0, 4, 4.5]
		},
		"gui": {
			"rotation": [80.28, -54.17, 77.14],
			"translation": [-5.5, 1.75, 0]
		},
		"head": {
			"translation": [0, 7, -2.25]
		},
		"fixed": {
			"rotation": [87.84, 54.71, -88.24],
			"translation": [5.25, 1.75, 0]
		}
	},
	"groups": [
		{
			"name": "group",
			"origin": [7, 3.8, 8.8],
			"color": 0,
			"children": [0, 1, 2, 3, 4, 5, 6, 7, 8, 9, 10, 11, 12, 13, 14, 15, 16, 17, 18, 19, 20, 21, 22, 23, 24, 25, 26, 27, 28]
		},
		29
	]
}