{
	"format_version": "1.21.6",
	"credit": "Made with Blockbench",
	"texture_size": [32, 32],
	"textures": {
		"0": "blincek:item/silverday",
		"particle": "blincek:item/silverday"
	},
	"elements": [
		{
			"from": [7.8, 16.4, 1],
			"to": [9.1, 24.4, 9],
			"rotation": {"angle": 45, "axis": "x", "origin": [7.5, 16.4, 4]},
			"faces": {
				"north": {"uv": [1.5, 8, 2.25, 12], "texture": "#0"},
				"east": {"uv": [0, 0, 4, 4], "texture": "#0"},
				"south": {"uv": [2.5, 8, 3.25, 12], "texture": "#0"},
				"west": {"uv": [0, 4, 4, 8], "texture": "#0"},
				"up": {"uv": [4.25, 12, 3.5, 8], "texture": "#0"},
				"down": {"uv": [5.25, 8, 4.5, 12], "texture": "#0"}
			}
		},
		{
			"from": [8, 0, 7],
			"to": [9, 13.5, 8],
			"rotation": {"angle": 0, "axis": "y", "origin": [8, 0, 6]},
			"faces": {
				"north": {"uv": [0, 8, 0.5, 14.75], "texture": "#0"},
				"east": {"uv": [8, 0, 8.5, 6.75], "texture": "#0"},
				"south": {"uv": [0.5, 8, 1, 14.75], "texture": "#0"},
				"west": {"uv": [1, 8, 1.5, 14.75], "texture": "#0"},
				"up": {"uv": [8, 8.5, 7.5, 8], "texture": "#0"},
				"down": {"uv": [9, 6, 8.5, 6.5], "texture": "#0"}
			}
		},
		{
			"from": [8, 14.5, 3.5],
			"to": [9.1, 22.5, 11.5],
			"rotation": {"angle": 0, "axis": "x", "origin": [7.5, 19.5, 3.5]},
			"faces": {
				"north": {"uv": [5.5, 8, 6.25, 12], "texture": "#0"},
				"east": {"uv": [4, 0, 8, 4], "texture": "#0"},
				"south": {"uv": [6.5, 8, 7.25, 12], "texture": "#0"},
				"west": {"uv": [4, 4, 8, 8], "texture": "#0"},
				"up": {"uv": [8.75, 11, 8, 7], "texture": "#0"},
				"down": {"uv": [9.25, 0, 8.5, 4], "texture": "#0"}
			}
		},
		{
			"from": [7.9, 13.5, 3.3],
			"to": [9.1, 15.3, 7.8],
			"rotation": {"angle": 22.5, "axis": "x", "origin": [7.2, 13.5, 5.8]},
			"faces": {
				"north": {"uv": [12, 7.5, 12.75, 8.375], "texture": "#0"},
				"east": {"uv": [8.5, 4, 10.75, 4.875], "texture": "#0"},
				"south": {"uv": [13, 5, 13.75, 5.875], "texture": "#0"},
				"west": {"uv": [8.5, 5, 10.75, 5.875], "texture": "#0"},
				"up": {"uv": [12.75, 2.25, 12, 0], "texture": "#0"},
				"down": {"uv": [2.25, 12, 1.5, 14.25], "texture": "#0"}
			}
		},
		{
			"from": [7.9, 18.4, 10.5],
			"to": [9.1, 22.9, 12.3],
			"rotation": {"angle": -21, "axis": "x", "origin": [7.2, 20.9, 12.3]},
			"faces": {
				"north": {"uv": [2.5, 12, 3.25, 14.25], "texture": "#0"},
				"east": {"uv": [9, 6, 9.875, 8.25], "texture": "#0"},
				"south": {"uv": [12, 2.5, 12.75, 4.75], "texture": "#0"},
				"west": {"uv": [9, 8.5, 9.875, 10.75], "texture": "#0"},
				"up": {"uv": [13.75, 6.875, 13, 6], "texture": "#0"},
				"down": {"uv": [13.75, 7, 13, 7.875], "texture": "#0"}
			}
		},
		{
			"from": [7.9, 21.8, 7.3],
			"to": [9.1, 23.6, 11.8],
			"rotation": {"angle": 21.5, "axis": "x", "origin": [7.2, 23.6, 9.3]},
			"faces": {
				"north": {"uv": [13, 8, 13.75, 8.875], "texture": "#0"},
				"east": {"uv": [9.5, 0, 11.75, 0.875], "texture": "#0"},
				"south": {"uv": [13, 10, 13.75, 10.875], "texture": "#0"},
				"west": {"uv": [9.5, 1, 11.75, 1.875], "texture": "#0"},
				"up": {"uv": [4.25, 14.25, 3.5, 12], "texture": "#0"},
				"down": {"uv": [5.25, 12, 4.5, 14.25], "texture": "#0"}
			}
		},
		{
			"from": [7.9, 14.3, 2.8],
			"to": [9.1, 18.5, 4.6],
			"rotation": {"angle": -25.5, "axis": "x", "origin": [7.2, 16, 2.8]},
			"faces": {
				"north": {"uv": [13, 0, 13.75, 2.125], "texture": "#0"},
				"east": {"uv": [10, 11, 10.875, 13.125], "texture": "#0"},
				"south": {"uv": [13, 2.5, 13.75, 4.625], "texture": "#0"},
				"west": {"uv": [11, 10, 11.875, 12.125], "texture": "#0"},
				"up": {"uv": [13.75, 11.875, 13, 11], "texture": "#0"},
				"down": {"uv": [13.75, 12, 13, 12.875], "texture": "#0"}
			}
		},
		{
			"from": [7.9, 18.1, 2.4],
			"to": [9.1, 22.6, 4.2],
			"rotation": {"angle": 20.5, "axis": "x", "origin": [7.2, 20.1, 2.4]},
			"faces": {
				"north": {"uv": [12, 5, 12.75, 7.25], "texture": "#0"},
				"east": {"uv": [10, 6, 10.875, 8.25], "texture": "#0"},
				"south": {"uv": [5.5, 12, 6.25, 14.25], "texture": "#0"},
				"west": {"uv": [10, 8.5, 10.875, 10.75], "texture": "#0"},
				"up": {"uv": [13.75, 13.875, 13, 13], "texture": "#0"},
				"down": {"uv": [14.25, 9, 13.5, 9.875], "texture": "#0"}
			}
		},
		{
			"from": [7.9, 21.5, 3.1],
			"to": [9.1, 23.3, 7.6],
			"rotation": {"angle": -24.5, "axis": "x", "origin": [7.2, 23.3, 5.1]},
			"faces": {
				"north": {"uv": [9.5, 13.5, 10.25, 14.375], "texture": "#0"},
				"east": {"uv": [9.5, 2, 11.75, 2.875], "texture": "#0"},
				"south": {"uv": [14, 0, 14.75, 0.875], "texture": "#0"},
				"west": {"uv": [9.5, 3, 11.75, 3.875], "texture": "#0"},
				"up": {"uv": [7.25, 14.25, 6.5, 12], "texture": "#0"},
				"down": {"uv": [8.25, 12, 7.5, 14.25], "texture": "#0"}
			}
		},
		{
			"from": [7.9, 14.2, 10.6],
			"to": [9.1, 18.7, 12.4],
			"rotation": {"angle": 22.5, "axis": "x", "origin": [7.2, 16.7, 12.4]},
			"faces": {
				"north": {"uv": [8.5, 12, 9.25, 14.25], "texture": "#0"},
				"east": {"uv": [11, 4, 11.875, 6.25], "texture": "#0"},
				"south": {"uv": [12, 10, 12.75, 12.25], "texture": "#0"},
				"west": {"uv": [11, 6.5, 11.875, 8.75], "texture": "#0"},
				"up": {"uv": [14.75, 1.875, 14, 1], "texture": "#0"},
				"down": {"uv": [14.75, 2, 14, 2.875], "texture": "#0"}
			}
		},
		{
			"from": [7.9, 13.6, 7.2],
			"to": [9.1, 15.4, 11.7],
			"rotation": {"angle": -25, "axis": "x", "origin": [7.2, 13.6, 9.7]},
			"faces": {
				"north": {"uv": [14, 3, 14.75, 3.875], "texture": "#0"},
				"east": {"uv": [7.5, 11, 9.75, 11.875], "texture": "#0"},
				"south": {"uv": [14, 4, 14.75, 4.875], "texture": "#0"},
				"west": {"uv": [11, 9, 13.25, 9.875], "texture": "#0"},
				"up": {"uv": [11.75, 14.75, 11, 12.5], "texture": "#0"},
				"down": {"uv": [12.75, 12.5, 12, 14.75], "texture": "#0"}
			}
		},
		{
			"from": [7.9, 14.1, 6.6],
			"to": [9.2, 22.1, 14.6],
			"rotation": {"angle": 45, "axis": "x", "origin": [9.5, 22.1, 9.6]},
			"faces": {
				"north": {"uv": [1.5, 8, 2.25, 12], "rotation": 180, "texture": "#0"},
				"east": {"uv": [0, 4, 4, 8], "rotation": 180, "texture": "#0"},
				"south": {"uv": [2.5, 8, 3.25, 12], "rotation": 180, "texture": "#0"},
				"west": {"uv": [0, 0, 4, 4], "rotation": 180, "texture": "#0"},
				"up": {"uv": [5.25, 8, 4.5, 12], "rotation": 180, "texture": "#0"},
				"down": {"uv": [4.25, 12, 3.5, 8], "rotation": 180, "texture": "#0"}
			}
		}
	],
	"display": {
		"thirdperson_righthand": {
			"translation": [0, 0, 0.25]
		},
		"firstperson_righthand": {
			"rotation": [-15, 0, 0],
			"translation": [1, 0, 0]
		},
		"firstperson_lefthand": {
			"rotation": [-15, 0, 0],
			"translation": [1.5, 0, 0]
		},
		"ground": {
			"rotation": [-4.08, 30.33, 87.77]
		},
		"gui": {
			"rotation": [75, -47, 88.97],
			"translation": [2.25, -3, 0],
			"scale": [0.75, 0.75, 0.75]
		},
		"head": {
			"translation": [-0.5, -4, 1]
		},
		"fixed": {
			"rotation": [90, -136, 90],
			"translation": [-4, -3.25, -1]
		}
	},
	"groups": [
		{
			"name": "group",
			"origin": [7.2, 16, 2.8],
			"color": 0,
			"children": [0, 1, 2, 3, 4, 5, 6, 7, 8, 9, 10, 11]
		}
	]
}