{
	"format_version": "1.21.6",
	"credit": "Made with Blockbench",
	"textures": {
		"1": "blincek:item/supernova_1",
		"2": "blincek:item/supernova",
		"particle": "blincek:item/supernova"
	},
	"elements": [
		{
			"from": [1, 2.1, 7.9],
			"to": [2, 5.4, 8.4],
			"rotation": {"angle": -9.5, "axis": "x", "origin": [0, 1.9, 8.2]},
			"faces": {
				"north": {"uv": [6, 0, 6.5, 1.625], "texture": "#2"},
				"east": {"uv": [7.5, 5, 7.75, 6.625], "texture": "#2"},
				"south": {"uv": [6, 2, 6.5, 3.625], "texture": "#2"},
				"west": {"uv": [6.5, 7.5, 6.75, 9.125], "texture": "#2"},
				"up": {"uv": [8.5, 5.25, 8, 5], "texture": "#2"},
				"down": {"uv": [8.5, 5.5, 8, 5.75], "texture": "#2"}
			}
		},
		{
			"from": [1, 5.2, 7.5],
			"to": [2, 5.7, 10.6],
			"rotation": {"angle": -42, "axis": "x", "origin": [0, 5.4, 7.8]},
			"faces": {
				"north": {"uv": [8, 6, 8.5, 6.25], "texture": "#2"},
				"east": {"uv": [0.5, 8, 2, 8.25], "texture": "#2"},
				"south": {"uv": [8, 6.5, 8.5, 6.75], "texture": "#2"},
				"west": {"uv": [2, 8, 3.5, 8.25], "texture": "#2"},
				"up": {"uv": [7, 1.5, 6.5, 0], "texture": "#2"},
				"down": {"uv": [7, 1.5, 6.5, 3], "texture": "#2"}
			}
		},
		{
			"from": [1, 1.8, 2.7],
			"to": [2, 2.3, 6.1],
			"rotation": {"angle": -29.5, "axis": "x", "origin": [0, 2, 2.6]},
			"faces": {
				"north": {"uv": [7.5, 8, 8, 8.25], "texture": "#2"},
				"east": {"uv": [7.5, 4, 9.25, 4.25], "texture": "#2"},
				"south": {"uv": [8, 8, 8.5, 8.25], "texture": "#2"},
				"west": {"uv": [7.5, 4.5, 9.25, 4.75], "texture": "#2"},
				"up": {"uv": [6, 3.75, 5.5, 2], "texture": "#2"},
				"down": {"uv": [6, 4, 5.5, 5.75], "texture": "#2"}
			}
		},
		{
			"from": [1, 3.6, 5.5],
			"to": [2, 4.1, 8.7],
			"rotation": {"angle": 30.5, "axis": "x", "origin": [0, 3.8, 5.2]},
			"faces": {
				"north": {"uv": [8.5, 0, 9, 0.25], "texture": "#2"},
				"east": {"uv": [7.5, 7, 9.125, 7.25], "texture": "#2"},
				"south": {"uv": [0.5, 8.5, 1, 8.75], "texture": "#2"},
				"west": {"uv": [7.5, 7.5, 9.125, 7.75], "texture": "#2"},
				"up": {"uv": [6.5, 5.625, 6, 4], "texture": "#2"},
				"down": {"uv": [5.5, 6, 5, 7.625], "texture": "#2"}
			}
		},
		{
			"from": [1, 6.8, 1.1],
			"to": [2, 7.3, 4.2],
			"rotation": {"angle": 44, "axis": "x", "origin": [0, 7, 1.4]},
			"faces": {
				"north": {"uv": [8.5, 0.5, 9, 0.75], "texture": "#2"},
				"east": {"uv": [8, 2, 9.5, 2.25], "texture": "#2"},
				"south": {"uv": [1, 8.5, 1.5, 8.75], "texture": "#2"},
				"west": {"uv": [8, 2.5, 9.5, 2.75], "texture": "#2"},
				"up": {"uv": [7, 4.5, 6.5, 3], "texture": "#2"},
				"down": {"uv": [7, 4.5, 6.5, 6], "texture": "#2"}
			}
		},
		{
			"from": [1, 7.4, 6.8],
			"to": [2, 7.9, 9.9],
			"rotation": {"angle": 8, "axis": "x", "origin": [0, 7.6, 7.1]},
			"faces": {
				"north": {"uv": [8.5, 1, 9, 1.25], "texture": "#2"},
				"east": {"uv": [8, 3, 9.5, 3.25], "texture": "#2"},
				"south": {"uv": [1.5, 8.5, 2, 8.75], "texture": "#2"},
				"west": {"uv": [3.5, 8, 5, 8.25], "texture": "#2"},
				"up": {"uv": [7, 7.5, 6.5, 6], "texture": "#2"},
				"down": {"uv": [7.5, 0, 7, 1.5], "texture": "#2"}
			}
		},
		{
			"from": [1, 7.2, 5.4],
			"to": [2, 10.9, 5.9],
			"rotation": {"angle": -28, "axis": "x", "origin": [0, 10, 5.6]},
			"faces": {
				"north": {"uv": [5, 0, 5.5, 1.875], "texture": "#2"},
				"east": {"uv": [7, 4.5, 7.25, 6.375], "texture": "#2"},
				"south": {"uv": [5, 2, 5.5, 3.875], "texture": "#2"},
				"west": {"uv": [7, 6.5, 7.25, 8.375], "texture": "#2"},
				"up": {"uv": [9, 1.75, 8.5, 1.5], "texture": "#2"},
				"down": {"uv": [2.5, 8.5, 2, 8.75], "texture": "#2"}
			}
		},
		{
			"from": [1, 7.2, 4.7],
			"to": [2, 10.9, 5.2],
			"rotation": {"angle": 24, "axis": "x", "origin": [0, 10, 4.9]},
			"faces": {
				"north": {"uv": [5, 4, 5.5, 5.875], "texture": "#2"},
				"east": {"uv": [7.5, 0, 7.75, 1.875], "texture": "#2"},
				"south": {"uv": [5.5, 0, 6, 1.875], "texture": "#2"},
				"west": {"uv": [7.5, 2, 7.75, 3.875], "texture": "#2"},
				"up": {"uv": [3, 8.75, 2.5, 8.5], "texture": "#2"},
				"down": {"uv": [3.5, 8.5, 3, 8.75], "texture": "#2"}
			}
		},
		{
			"from": [1, 7, 1.1],
			"to": [2, 7.5, 4.1],
			"rotation": {"angle": -8, "axis": "x", "origin": [0, 7.2, 1.3]},
			"faces": {
				"north": {"uv": [3.5, 8.5, 4, 8.75], "texture": "#2"},
				"east": {"uv": [8, 3.5, 9.5, 3.75], "texture": "#2"},
				"south": {"uv": [4, 8.5, 4.5, 8.75], "texture": "#2"},
				"west": {"uv": [5, 8, 6.5, 8.25], "texture": "#2"},
				"up": {"uv": [7.5, 3, 7, 1.5], "texture": "#2"},
				"down": {"uv": [7.5, 3, 7, 4.5], "texture": "#2"}
			}
		},
		{
			"from": [1, 2.2, 2.5],
			"to": [2, 5.4, 3],
			"rotation": {"angle": 9.5, "axis": "x", "origin": [0, 1.9, 2.8]},
			"faces": {
				"north": {"uv": [5.5, 6, 6, 7.625], "texture": "#2"},
				"east": {"uv": [0, 8, 0.25, 9.625], "texture": "#2"},
				"south": {"uv": [6, 6, 6.5, 7.625], "texture": "#2"},
				"west": {"uv": [8, 0, 8.25, 1.625], "texture": "#2"},
				"up": {"uv": [5, 8.75, 4.5, 8.5], "texture": "#2"},
				"down": {"uv": [5.5, 8.5, 5, 8.75], "texture": "#2"}
			}
		},
		{
			"from": [1.1, 2.5, 1.6],
			"to": [1.9, 10.3, 9.3],
			"rotation": {"angle": 0, "axis": "y", "origin": [1.5, 4.2, 3.7]},
			"faces": {
				"north": {"uv": [4, 0, 4.375, 3.875], "texture": "#2"},
				"east": {"uv": [0, 0, 3.875, 3.875], "texture": "#2"},
				"south": {"uv": [4, 4, 4.375, 7.875], "texture": "#2"},
				"west": {"uv": [0, 4, 3.875, 7.875], "texture": "#2"},
				"up": {"uv": [4.875, 3.875, 4.5, 0], "texture": "#2"},
				"down": {"uv": [4.875, 4, 4.5, 7.875], "texture": "#2"}
			}
		},
		{
			"from": [1.1, 2.5, -3.1],
			"to": [1.9, 10.3, 1.6],
			"rotation": {"angle": 0, "axis": "y", "origin": [0, 5.7, -0.4]},
			"faces": {
				"north": {"uv": [0, 8, 0.75, 15.75], "texture": "#1"},
				"east": {"uv": [0, 0, 4.75, 7.75], "texture": "#1"},
				"south": {"uv": [1, 8, 1.75, 15.75], "texture": "#1"},
				"west": {"uv": [5, 0, 9.75, 7.75], "texture": "#1"},
				"up": {"uv": [2.75, 12.75, 2, 8], "texture": "#1"},
				"down": {"uv": [3.75, 8, 3, 12.75], "texture": "#1"}
			}
		}
	],
	"display": {
		"thirdperson_righthand": {
			"rotation": [-102.51, -2.89, 179.2],
			"translation": [-6.5, 4.75, 0]
		},
		"thirdperson_lefthand": {
			"rotation": [-102.49, -2.9, 179.19],
			"translation": [6.5, 4.75, 0]
		},
		"firstperson_righthand": {
			"rotation": [-169, 5, -90],
			"translation": [3.5, 8, -4.25]
		},
		"firstperson_lefthand": {
			"rotation": [-169, 5, -90],
			"translation": [3.5, -4.5, -4.5]
		},
		"ground": {
			"rotation": [2.39, -34.51, 89.6],
			"translation": [-3.25, 3.25, 2.5]
		},
		"gui": {
			"rotation": [-67, 42, 58],
			"translation": [6.25, 5.75, 0],
			"scale": [1.3, 1.3, 1.3]
		},
		"head": {
			"rotation": [54, 54, 98],
			"translation": [-7.25, 5.75, 8.25]
		},
		"fixed": {
			"rotation": [0, -89.75, 0],
			"translation": [-5, 1.25, 7.25]
		}
	},
	"groups": [
		{
			"name": "group",
			"origin": [0, 7.2, 1.3],
			"color": 0,
			"children": [0, 1, 2, 3, 4, 5, 6, 7, 8, 9, 10]
		},
		11
	]
}