{
	"format_version": "1.21.6",
	"credit": "Made with Blockbench",
	"texture_size": [8, 8],
	"textures": {
		"0": "blincek:item/tnt_piggy",
		"1": "blincek:item/tnt_piggy_1",
		"2": "blincek:item/tnt_piggy_2",
		"particle": "blincek:item/tnt_piggy"
	},
	"elements": [
		{
			"from": [7.4, 1, 10.6],
			"to": [8.1, 2.6, 12.2],
			"rotation": {"angle": 40, "axis": "x", "origin": [7, 1, 14]},
			"faces": {
				"north": {"uv": [6, 3.5, 6.5, 4.25], "texture": "#0"},
				"east": {"uv": [1, 5, 1.75, 5.75], "texture": "#0"},
				"south": {"uv": [6, 4.5, 6.5, 5.25], "texture": "#0"},
				"west": {"uv": [5, 3.5, 5.75, 4.25], "texture": "#0"},
				"up": {"uv": [6.5, 6.25, 6, 5.5], "texture": "#0"},
				"down": {"uv": [7, 0.5, 6.5, 1.25], "texture": "#0"}
			}
		},
		{
			"from": [7.6, 3.2, 5.4],
			"to": [7.9, 4.2, 12.4],
			"rotation": {"angle": 0, "axis": "y", "origin": [6.7, 3.2, 12.4]},
			"faces": {
				"north": {"uv": [1, 7, 1.25, 7.5], "texture": "#0"},
				"east": {"uv": [0, 0, 3.5, 0.5], "texture": "#0"},
				"south": {"uv": [7, 1, 7.25, 1.5], "texture": "#0"},
				"west": {"uv": [0, 0.5, 3.5, 1], "texture": "#0"},
				"up": {"uv": [4.25, 7, 4, 3.5], "texture": "#0"},
				"down": {"uv": [4.75, 3.5, 4.5, 7], "texture": "#0"}
			}
		},
		{
			"from": [7.2, 0.1, 13.4],
			"to": [8.3, 3.1, 15.1],
			"rotation": {"angle": -22, "axis": "x", "origin": [7, -0.5, 13.5]},
			"faces": {
				"north": {"uv": [3.5, 0.5, 4, 2.25], "texture": "#0"},
				"east": {"uv": [0, 3, 0.875, 4.75], "texture": "#0"},
				"south": {"uv": [4, 0.5, 4.5, 2.25], "texture": "#0"},
				"west": {"uv": [1, 3, 1.875, 4.75], "texture": "#0"},
				"up": {"uv": [5.5, 6.375, 5, 5.5], "texture": "#0"},
				"down": {"uv": [6, 5.5, 5.5, 6.375], "texture": "#0"}
			}
		},
		{
			"from": [7.4, 3.4, 5.4],
			"to": [8.1, 4.4, 12.4],
			"rotation": {"angle": 0, "axis": "y", "origin": [7, 3.4, 12.4]},
			"faces": {
				"north": {"uv": [6, 6.5, 6.375, 7], "texture": "#0"},
				"east": {"uv": [0, 1, 3.5, 1.5], "texture": "#0"},
				"south": {"uv": [6.5, 6.5, 6.875, 7], "texture": "#0"},
				"west": {"uv": [0, 1.5, 3.5, 2], "texture": "#0"},
				"up": {"uv": [2.375, 7, 2, 3.5], "texture": "#0"},
				"down": {"uv": [2.875, 3.5, 2.5, 7], "texture": "#0"}
			}
		},
		{
			"from": [7.3, 2.8, 10.6],
			"to": [8.2, 4.4, 12.4],
			"rotation": {"angle": 0, "axis": "x", "origin": [7, 2.8, 12.4]},
			"faces": {
				"north": {"uv": [6.5, 1.5, 7, 2.25], "texture": "#0"},
				"east": {"uv": [4.5, 0.5, 5.375, 1.25], "texture": "#0"},
				"south": {"uv": [6.5, 2.5, 7, 3.25], "texture": "#0"},
				"west": {"uv": [4.5, 1.5, 5.375, 2.25], "texture": "#0"},
				"up": {"uv": [1.5, 6.875, 1, 6], "texture": "#0"},
				"down": {"uv": [2, 6, 1.5, 6.875], "texture": "#0"}
			}
		},
		{
			"from": [7.8, 1.8, 10.6],
			"to": [7.8, 3.4, 12.1],
			"rotation": {"angle": 0, "axis": "y", "origin": [6.5, 1.8, 13.3]},
			"faces": {
				"north": {"uv": [0, 0, 0, 0.75], "texture": "#0"},
				"east": {"uv": [5, 4.5, 5.75, 5.25], "texture": "#0"},
				"south": {"uv": [0, 0, 0, 0.75], "texture": "#0"},
				"west": {"uv": [5.5, 0.5, 6.25, 1.25], "texture": "#0"},
				"up": {"uv": [0, 0.75, 0, 0], "texture": "#0"},
				"down": {"uv": [0, 0, 0, 0.75], "texture": "#0"}
			}
		},
		{
			"from": [7.5, 2.7, 8.9],
			"to": [8, 3.5, 10.6],
			"rotation": {"angle": 21, "axis": "x", "origin": [7, 2.7, 10.9]},
			"faces": {
				"north": {"uv": [3, 7, 3.25, 7.375], "texture": "#0"},
				"east": {"uv": [3.5, 2.5, 4.375, 2.875], "texture": "#0"},
				"south": {"uv": [7, 3, 7.25, 3.375], "texture": "#0"},
				"west": {"uv": [4.5, 2.5, 5.375, 2.875], "texture": "#0"},
				"up": {"uv": [6.75, 5.375, 6.5, 4.5], "texture": "#0"},
				"down": {"uv": [5.25, 6.5, 5, 7.375], "texture": "#0"}
			}
		},
		{
			"from": [7.5, 3.6, 5.4],
			"to": [8, 4.6, 12.4],
			"rotation": {"angle": 0, "axis": "y", "origin": [6.7, 3.6, 12.4]},
			"faces": {
				"north": {"uv": [1.5, 7, 1.75, 7.5], "texture": "#0"},
				"east": {"uv": [0, 2, 3.5, 2.5], "texture": "#0"},
				"south": {"uv": [7, 1.5, 7.25, 2], "texture": "#0"},
				"west": {"uv": [0, 2.5, 3.5, 3], "texture": "#0"},
				"up": {"uv": [0.25, 8.5, 0, 5], "texture": "#0"},
				"down": {"uv": [0.75, 5, 0.5, 8.5], "texture": "#0"}
			}
		},
		{
			"from": [7.8, 2.2, 11.3],
			"to": [7.8, 3.8, 12.8],
			"rotation": {"angle": 43, "axis": "x", "origin": [6.6, 2.2, 14]},
			"faces": {
				"north": {"uv": [3.5, 7, 3.625, 7.75], "texture": "#0"},
				"east": {"uv": [5.5, 1.5, 6.25, 2.25], "texture": "#0"},
				"south": {"uv": [4, 7, 4.125, 7.75], "texture": "#0"},
				"west": {"uv": [5.5, 2.5, 6.25, 3.25], "texture": "#0"},
				"up": {"uv": [4.625, 7.75, 4.5, 7], "texture": "#0"},
				"down": {"uv": [7.125, 4.5, 7, 5.25], "texture": "#0"}
			}
		},
		{
			"from": [7.3, 2, 11.8],
			"to": [8.2, 2.6, 12.6],
			"rotation": {"angle": 17, "axis": "x", "origin": [6.9, 2.1, 12.6]},
			"faces": {
				"north": {"uv": [2, 7, 2.5, 7.25], "texture": "#0"},
				"east": {"uv": [7, 5.5, 7.375, 5.75], "texture": "#0"},
				"south": {"uv": [7, 2, 7.5, 2.25], "texture": "#0"},
				"west": {"uv": [6, 7, 6.375, 7.25], "texture": "#0"},
				"up": {"uv": [7.5, 0.375, 7, 0], "texture": "#0"},
				"down": {"uv": [7.5, 0.5, 7, 0.875], "texture": "#0"}
			}
		},
		{
			"from": [7.6, 4.5, 11.4],
			"to": [7.9, 4.7, 12.3],
			"rotation": {"angle": 0, "axis": "y", "origin": [6.7, 4.5, 18.5]},
			"faces": {
				"north": {"uv": [2, 7.5, 2.125, 7.625], "texture": "#0"},
				"east": {"uv": [7, 6.5, 7.5, 6.625], "texture": "#0"},
				"south": {"uv": [7.5, 2, 7.625, 2.125], "texture": "#0"},
				"west": {"uv": [7, 7, 7.5, 7.125], "texture": "#0"},
				"up": {"uv": [7.625, 0.5, 7.5, 0], "texture": "#0"},
				"down": {"uv": [7.625, 0.5, 7.5, 1], "texture": "#0"}
			}
		},
		{
			"from": [7.6, 4.6, 12.3],
			"to": [7.9, 4.8, 12.4],
			"rotation": {"angle": 0, "axis": "y", "origin": [6.7, 4.6, 18.5]},
			"faces": {
				"north": {"uv": [2.5, 7.5, 2.625, 7.625], "texture": "#0"},
				"east": {"uv": [7.5, 2.5, 7.625, 2.625], "texture": "#0"},
				"south": {"uv": [3, 7.5, 3.125, 7.625], "texture": "#0"},
				"west": {"uv": [7.5, 3, 7.625, 3.125], "texture": "#0"},
				"up": {"uv": [7.625, 3.625, 7.5, 3.5], "texture": "#0"},
				"down": {"uv": [7.625, 4, 7.5, 4.125], "texture": "#0"}
			}
		},
		{
			"from": [7.5, 3.5, 5.3],
			"to": [8, 4.3, 12.3],
			"rotation": {"angle": 0, "axis": "y", "origin": [7, 3.4, 12.3]},
			"faces": {
				"north": {"uv": [2.5, 7, 2.75, 7.375], "texture": "#0"},
				"east": {"uv": [2, 3, 5.5, 3.375], "texture": "#0"},
				"south": {"uv": [7, 2.5, 7.25, 2.875], "texture": "#0"},
				"west": {"uv": [3.5, 0, 7, 0.375], "texture": "#0"},
				"up": {"uv": [3.25, 7, 3, 3.5], "texture": "#0"},
				"down": {"uv": [3.75, 3.5, 3.5, 7], "texture": "#0"}
			}
		},
		{
			"from": [7.2, 3.1, 10.7],
			"to": [8.3, 4.1, 12.2],
			"rotation": {"angle": 0, "axis": "y", "origin": [7.4, 3.1, 10.1]},
			"faces": {
				"north": {"uv": [4, 8, 8, 12], "texture": "#1"},
				"east": {"uv": [0, 0, 6, 4], "texture": "#1"},
				"south": {"uv": [8, 8, 12, 12], "texture": "#1"},
				"west": {"uv": [0, 4, 6, 8], "texture": "#1"},
				"up": {"uv": [4, 14, 0, 8], "texture": "#1"},
				"down": {"uv": [12, 0, 8, 6], "texture": "#1"}
			}
		},
		{
			"from": [7.6, 4.5, 5.5],
			"to": [7.9, 4.7, 6.2],
			"rotation": {"angle": 0, "axis": "y", "origin": [6.7, 4.5, 12.4]},
			"faces": {
				"north": {"uv": [7.5, 4.5, 7.625, 4.625], "texture": "#0"},
				"east": {"uv": [1, 7.5, 1.375, 7.625], "texture": "#0"},
				"south": {"uv": [5, 7.5, 5.125, 7.625], "texture": "#0"},
				"west": {"uv": [7.5, 1, 7.875, 1.125], "texture": "#0"},
				"up": {"uv": [1.625, 7.875, 1.5, 7.5], "texture": "#0"},
				"down": {"uv": [7.625, 1.5, 7.5, 1.875], "texture": "#0"}
			}
		},
		{
			"from": [7.1, -0.2, 13.2],
			"to": [8.4, 0.3, 15.1],
			"rotation": {"angle": -22, "axis": "x", "origin": [7, -0.2, 13.4]},
			"faces": {
				"north": {"uv": [3.5, 0.5, 4, 2.25], "texture": "#0"},
				"east": {"uv": [0, 3, 0.875, 4.75], "texture": "#0"},
				"south": {"uv": [4, 0.5, 4.5, 2.25], "texture": "#0"},
				"west": {"uv": [1, 3, 1.875, 4.75], "texture": "#0"},
				"up": {"uv": [5.5, 6.375, 5, 5.5], "texture": "#0"},
				"down": {"uv": [6, 5.5, 5.5, 6.375], "texture": "#0"}
			}
		},
		{
			"from": [8, 3.5, 6],
			"to": [8.5, 4.3, 7.7],
			"rotation": {"angle": 0, "axis": "y", "origin": [8, 2.9, 5.7]},
			"faces": {
				"north": {"uv": [7, 6, 7.25, 6.375], "texture": "#0"},
				"east": {"uv": [6.5, 3.5, 7.375, 3.875], "texture": "#0"},
				"south": {"uv": [6.5, 7, 6.75, 7.375], "texture": "#0"},
				"west": {"uv": [6.5, 4, 7.375, 4.375], "texture": "#0"},
				"up": {"uv": [5.75, 7.375, 5.5, 6.5], "texture": "#0"},
				"down": {"uv": [6.75, 5.5, 6.5, 6.375], "texture": "#0"}
			}
		},
		{
			"from": [8.3, 3.7, 0],
			"to": [8.3, 4.1, 7],
			"rotation": {"angle": 0, "axis": "y", "origin": [6.3, 3.5, 0]},
			"faces": {
				"north": {"uv": [0, 0, 0, 1], "texture": "#2"},
				"east": {"uv": [0, 0, 14, 1], "texture": "#2"},
				"south": {"uv": [0, 0, 0, 1], "texture": "#2"},
				"west": {"uv": [0, 2, 14, 3], "texture": "#2"},
				"up": {"uv": [0, 14, 0, 0], "texture": "#2"},
				"down": {"uv": [0, 0, 0, 14], "texture": "#2"}
			}
		},
		{
			"from": [8, 3.5, 6],
			"to": [8.5, 4.3, 7.7],
			"rotation": {"angle": 0, "axis": "y", "origin": [8, 2.9, 5.7]},
			"faces": {
				"north": {"uv": [7, 6, 7.25, 6.375], "texture": "#0"},
				"east": {"uv": [6.5, 3.5, 7.375, 3.875], "texture": "#0"},
				"south": {"uv": [6.5, 7, 6.75, 7.375], "texture": "#0"},
				"west": {"uv": [6.5, 4, 7.375, 4.375], "texture": "#0"},
				"up": {"uv": [5.75, 7.375, 5.5, 6.5], "texture": "#0"},
				"down": {"uv": [6.75, 5.5, 6.5, 6.375], "texture": "#0"}
			}
		}
	],
	"display": {
		"thirdperson_righthand": {
			"translation": [0.25, 6.5, -3.5]
		},
		"thirdperson_lefthand": {
			"translation": [0.25, 6.5, -3.5]
		},
		"firstperson_righthand": {
			"rotation": [0, -10, 0],
			"translation": [1.85, 8.75, -2],
			"scale": [1, 0.98633, 1.16602]
		},
		"firstperson_lefthand": {
			"rotation": [0, -10, 0],
			"translation": [1.25, 8.75, -2],
			"scale": [1, 0.98633, 1.16602]
		},
		"ground": {
			"rotation": [2.05, 23.19, 88.23],
			"translation": [-6, -1.5, 1.75]
		},
		"gui": {
			"rotation": [92.62, -55.3, 92.2],
			"translation": [-2.5, 10.5, 0.75],
			"scale": [1, 1.89844, 1.96875]
		},
		"head": {
			"rotation": [0, 90, 0],
			"translation": [11.5, 11.5, 0],
			"scale": [2, 2, 2]
		},
		"fixed": {
			"rotation": [92.62, -55.3, 92.2],
			"translation": [-2.5, 10.5, 0.75],
			"scale": [1, 1.89844, 1.96875]
		}
	},
	"groups": [
		{
			"name": "group",
			"origin": [8, 8, 8],
			"color": 0,
			"children": [0, 1, 2, 3, 4, 5, 6, 7, 8, 9, 10, 11, 12, 13, 14, 15, 16]
		},
		17,
		18
	]
}