{
	"format_version": "1.21.6",
	"credit": "Made with Blockbench",
	"texture_size": [8, 8],
	"textures": {
		"0": "blincek:item/wenigred",
		"1": "blincek:item/wenigred_fire_texture",
		"particle": "blincek:item/wenigred"
	},
	"elements": [
		{
			"from": [7.08749, 0, 6.91251],
			"to": [9.08749, 4, 8.91251],
			"rotation": {"angle": 0, "axis": "y", "origin": [8, 14.04762, 7.91251]},
			"faces": {
				"north": {"uv": [4, 1.25, 4.5, 2.25], "texture": "#0"},
				"east": {"uv": [4, 2.25, 4.5, 3.25], "texture": "#0"},
				"south": {"uv": [3, 4, 3.5, 5], "texture": "#0"},
				"west": {"uv": [4, 3.25, 4.5, 4.25], "texture": "#0"},
				"down": {"uv": [5, 4.25, 4.5, 4.75], "texture": "#0"}
			}
		},
		{
			"from": [7.08749, 9, 8.41251],
			"to": [9.08749, 10, 8.91251],
			"rotation": {"angle": 0, "axis": "y", "origin": [8, 14.04762, 7.91251]},
			"faces": {
				"north": {"uv": [3.5, 4, 4, 5], "texture": "#0"},
				"east": {"uv": [3.75, 5, 3.875, 6], "texture": "#0"},
				"south": {"uv": [4, 4.25, 4.5, 5.25], "texture": "#0"},
				"west": {"uv": [0, 5.25, 0.125, 6.25], "texture": "#0"},
				"up": {"uv": [6, 2.875, 5.5, 2.75], "texture": "#0"}
			}
		},
		{
			"from": [6.08749, 4, 8.41251],
			"to": [10.08749, 9, 8.91251],
			"rotation": {"angle": 0, "axis": "y", "origin": [8, 14.04762, 7.91251]},
			"faces": {
				"north": {"uv": [1, 0, 2, 1.75], "texture": "#0"},
				"east": {"uv": [1.5, 4.75, 1.625, 6.5], "texture": "#0"},
				"south": {"uv": [1, 1.75, 2, 3.5], "texture": "#0"},
				"west": {"uv": [1.75, 4.75, 1.875, 6.5], "texture": "#0"},
				"up": {"uv": [6.25, 2.125, 5.25, 2], "texture": "#0"}
			}
		},
		{
			"from": [7.08749, 9.001, 6.91251],
			"to": [9.08749, 10.001, 7.41251],
			"rotation": {"angle": 0, "axis": "y", "origin": [8, 14.04762, 7.91251]},
			"faces": {
				"north": {"uv": [4.5, 1.25, 5, 2.25], "texture": "#0"},
				"east": {"uv": [0.25, 5.25, 0.375, 6.25], "texture": "#0"},
				"south": {"uv": [4.5, 2.25, 5, 3.25], "texture": "#0"},
				"west": {"uv": [0.5, 5.25, 0.625, 6.25], "texture": "#0"},
				"up": {"uv": [6, 3.125, 5.5, 3], "texture": "#0"}
			}
		},
		{
			"from": [6.08749, 4.001, 6.91251],
			"to": [10.08749, 9.001, 7.41251],
			"rotation": {"angle": 0, "axis": "y", "origin": [8, 14.04762, 7.91251]},
			"faces": {
				"north": {"uv": [2, 0, 3, 1.75], "texture": "#0"},
				"east": {"uv": [2, 4.75, 2.125, 6.5], "texture": "#0"},
				"south": {"uv": [2, 1.75, 3, 3.5], "texture": "#0"},
				"west": {"uv": [2.25, 4.75, 2.375, 6.5], "texture": "#0"},
				"up": {"uv": [6.25, 2.375, 5.25, 2.25], "texture": "#0"}
			}
		},
		{
			"from": [8.53855, 5.95197, 6.41251],
			"to": [9.53855, 6.95197, 7.41251],
			"rotation": {"angle": -12.5, "axis": "z", "origin": [8.73855, 7.15197, 8]},
			"faces": {
				"north": {"uv": [5, 1.5, 5.375, 1.875], "texture": "#0"},
				"east": {"uv": [4.75, 5.25, 5, 5.625], "texture": "#0"},
				"west": {"uv": [5, 5.25, 5.25, 5.625], "texture": "#0"},
				"up": {"uv": [5.625, 2.75, 5.25, 2.5], "texture": "#0"},
				"down": {"uv": [5.625, 5.25, 5.25, 5.5], "texture": "#0"}
			}
		},
		{
			"from": [8.5, 6, 8.41251],
			"to": [9.5, 7, 9.41251],
			"rotation": {"angle": -12.5, "axis": "z", "origin": [8.5, 7, 8]},
			"faces": {
				"east": {"uv": [5.5, 3.25, 5.75, 3.5], "texture": "#0"},
				"south": {"uv": [5.5, 3.5, 5.75, 3.75], "texture": "#0"},
				"west": {"uv": [5.5, 3.75, 5.75, 4], "texture": "#0"},
				"up": {"uv": [5.75, 4.25, 5.5, 4], "texture": "#0"},
				"down": {"uv": [5.75, 4.25, 5.5, 4.5], "texture": "#0"}
			}
		},
		{
			"from": [8.55, 20.59468, 7.525],
			"to": [9.3, 23.59468, 8.275],
			"rotation": {"angle": -1, "axis": "z", "origin": [8.47733, 6.16854, 7.875]},
			"faces": {
				"north": {"uv": [5, 2, 5.1875, 2.75], "texture": "#0"},
				"east": {"uv": [3, 5, 3.1875, 5.75], "texture": "#0"},
				"south": {"uv": [3.25, 5, 3.4375, 5.75], "texture": "#0"},
				"west": {"uv": [3.5, 5, 3.6875, 5.75], "texture": "#0"}
			}
		},
		{
			"name": "fire",
			"from": [7.65, 26.25, 7.875],
			"to": [12.65, 31.25, 7.875],
			"rotation": {"angle": 0, "axis": "y", "origin": [9.90509, 26.90948, 8.374]},
			"faces": {
				"north": {"uv": [0, 1.52381, 11.6, 13.04762], "rotation": 270, "texture": "#1"},
				"south": {"uv": [12.44, 1.52381, 0, 13.80952], "rotation": 90, "texture": "#1"}
			}
		},
		{
			"from": [8.3, 5.5, 7.41251],
			"to": [9.7, 20.8, 8.41251],
			"rotation": {"angle": -1, "axis": "z", "origin": [8.5, 6.5, 8]},
			"faces": {
				"north": {"uv": [3, 0, 3.375, 3.8125], "texture": "#0"},
				"east": {"uv": [2.5, 3.5, 2.75, 7.3125], "texture": "#0"},
				"south": {"uv": [3.5, 0, 3.875, 3.8125], "texture": "#0"},
				"west": {"uv": [2.75, 3.5, 3, 7.3125], "texture": "#0"},
				"up": {"uv": [5.875, 0.25, 5.5, 0], "texture": "#0"}
			}
		},
		{
			"name": "nail_down",
			"from": [6.47218, 26.41742, 7.425],
			"to": [7.37218, 27.41742, 8.325],
			"rotation": {"angle": 2.5, "axis": "z", "origin": [7.67218, 7.02916, 8.225]},
			"faces": {
				"north": {"uv": [5.5, 4.5, 5.75, 4.75], "texture": "#0"},
				"east": {"uv": [5.5, 4.75, 5.75, 5], "texture": "#0"},
				"south": {"uv": [5.5, 5, 5.75, 5.25], "texture": "#0"},
				"west": {"uv": [5.25, 5.5, 5.5, 5.75], "texture": "#0"},
				"up": {"uv": [5.75, 5.75, 5.5, 5.5], "texture": "#0"}
			}
		},
		{
			"name": "grifel",
			"from": [8.975, 24.65259, 7.425],
			"to": [9.875, 26.65259, 8.325],
			"rotation": {"angle": 0.5, "axis": "z", "origin": [8.93288, 7.65259, 8.5]},
			"faces": {
				"north": {"uv": [0.75, 5.25, 1, 5.75], "texture": "#0"},
				"east": {"uv": [4, 5.25, 4.25, 5.75], "texture": "#0"},
				"south": {"uv": [4.25, 5.25, 4.5, 5.75], "texture": "#0"},
				"west": {"uv": [4.5, 5.25, 4.75, 5.75], "texture": "#0"},
				"up": {"uv": [6, 0.5, 5.75, 0.25], "texture": "#0"}
			}
		},
		{
			"from": [6.45197, 6.03855, 6.41251],
			"to": [7.45197, 7.03855, 7.41251],
			"rotation": {"angle": 12.5, "axis": "z", "origin": [7.65197, 7.23855, 8]},
			"faces": {
				"north": {"uv": [5, 2.75, 5.375, 3.125], "texture": "#0"},
				"east": {"uv": [5.5, 0.25, 5.75, 0.625], "texture": "#0"},
				"west": {"uv": [5.5, 0.75, 5.75, 1.125], "texture": "#0"},
				"up": {"uv": [5.875, 1.5, 5.5, 1.25], "texture": "#0"},
				"down": {"uv": [5.875, 1.5, 5.5, 1.75], "texture": "#0"}
			}
		},
		{
			"name": "nail_up",
			"from": [6.71626, 27.27153, 7.65],
			"to": [7.16626, 28.27153, 8.1],
			"rotation": {"angle": 2.5, "axis": "z", "origin": [7.81626, 6.88327, 8.35]},
			"faces": {
				"north": {"uv": [3, 5.75, 3.125, 6], "texture": "#0"},
				"east": {"uv": [3.25, 5.75, 3.375, 6], "texture": "#0"},
				"south": {"uv": [5.75, 3.25, 5.875, 3.5], "texture": "#0"},
				"west": {"uv": [3.5, 5.75, 3.625, 6], "texture": "#0"},
				"up": {"uv": [5.875, 3.625, 5.75, 3.5], "texture": "#0"}
			}
		},
		{
			"from": [6.5, 6, 8.41251],
			"to": [7.5, 7, 9.41251],
			"rotation": {"angle": 12.5, "axis": "z", "origin": [7.5, 7, 8]},
			"faces": {
				"east": {"uv": [5.75, 0.5, 6, 0.75], "texture": "#0"},
				"south": {"uv": [0.75, 5.75, 1, 6], "texture": "#0"},
				"west": {"uv": [5.75, 0.75, 6, 1], "texture": "#0"},
				"up": {"uv": [6, 1.25, 5.75, 1], "texture": "#0"},
				"down": {"uv": [6, 2.5, 5.75, 2.75], "texture": "#0"}
			}
		},
		{
			"from": [6.3, 5.7, 7.41251],
			"to": [7.7, 26.5, 8.41251],
			"rotation": {"angle": 2.5, "axis": "z", "origin": [7.5, 6.7, 8]},
			"faces": {
				"north": {"uv": [0, 0, 0.375, 5.1875], "texture": "#0"},
				"east": {"uv": [1, 3.5, 1.25, 8.6875], "texture": "#0"},
				"south": {"uv": [0.5, 0, 0.875, 5.1875], "texture": "#0"},
				"west": {"uv": [1.25, 3.5, 1.5, 8.6875], "texture": "#0"},
				"up": {"uv": [5.875, 2, 5.5, 1.75], "texture": "#0"}
			}
		},
		{
			"from": [8.2, 23.1, 7.175],
			"to": [9.7, 25.1, 8.575],
			"rotation": {"angle": -1, "axis": "z", "origin": [8.5, 6.1, 8]},
			"faces": {
				"north": {"uv": [4.5, 4.75, 4.875, 5.25], "texture": "#0"},
				"east": {"uv": [5, 0, 5.375, 0.5], "texture": "#0"},
				"south": {"uv": [5, 0.5, 5.375, 1], "texture": "#0"},
				"west": {"uv": [5, 1, 5.375, 1.5], "texture": "#0"},
				"up": {"uv": [5.375, 4.625, 5, 4.25], "texture": "#0"},
				"down": {"uv": [5.375, 4.75, 5, 5.125], "texture": "#0"}
			}
		},
		{
			"from": [6.08749, 4, 6.91251],
			"to": [10.08749, 4, 8.91251],
			"rotation": {"angle": 0, "axis": "y", "origin": [8, 14.04762, 7.91251]},
			"faces": {
				"up": {"uv": [5.5, 3.75, 4.5, 3.25], "texture": "#0"},
				"down": {"uv": [5.5, 3.75, 4.5, 4.25], "texture": "#0"}
			}
		}
	],
	"display": {
		"thirdperson_righthand": {
			"rotation": [7.25, -90, 0],
			"translation": [-0.5, 8.25, 3.5],
			"scale": [2, 2, 2]
		},
		"thirdperson_lefthand": {
			"rotation": [7.25, 90, 0],
			"translation": [-0.25, 8.25, 3.5],
			"scale": [2, 2, 2]
		},
		"firstperson_righthand": {
			"rotation": [-47, -82, 0],
			"translation": [-1.25, 4, 3.25],
			"scale": [1.5, 1.5, 1.5]
		},
		"firstperson_lefthand": {
			"rotation": [-54, 101, 0],
			"translation": [-1.25, 4, 3.25],
			"scale": [1.5, 1.5, 1.5]
		},
		"ground": {
			"rotation": [90, 0, 90],
			"translation": [11.25, 0, 0],
			"scale": [1.5, 1.5, 1.5]
		},
		"gui": {
			"rotation": [-3, 10, 49],
			"translation": [3.5, -4, 0],
			"scale": [0.65, 0.65, 0.65]
		},
		"head": {
			"rotation": [0, 0, -1],
			"translation": [0, 3.25, 6.5],
			"scale": [1.5, 1.5, 1.5]
		},
		"fixed": {
			"rotation": [0, -179, 43],
			"translation": [-4.5, -5, 0]
		}
	},
	"groups": [
		{
			"name": "body",
			"origin": [8, 14.04762, 7.91251],
			"color": 0,
			"children": [0, 1, 2, 3, 4, 5, 6, 7, 8, 9, 10, 11, 12, 13, 14, 15, 16, 17]
		}
	]
}