{
	"format_version": "1.21.6",
	"credit": "Made with Blockbench",
	"texture_size": [8, 8],
	"textures": {
		"1": "blincek:item/zetrixorus_2",
		"2": "blincek:item/zetrixorus",
		"particle": "blincek:item/zetrixorus"
	},
	"elements": [
		{
			"from": [6.1, 4.1, -2.2],
			"to": [7.4, 6.5, 6.5],
			"rotation": {"angle": 0, "axis": "y", "origin": [6, 6.7, 0.5]},
			"faces": {
				"north": {"uv": [9.5, 11.5, 10.125, 12.75], "texture": "#2"},
				"east": {"uv": [0, 3, 4.375, 4.25], "texture": "#2"},
				"south": {"uv": [11.5, 11, 12.125, 12.25], "texture": "#2"},
				"west": {"uv": [0, 4.5, 4.375, 5.75], "texture": "#2"},
				"up": {"uv": [7.625, 10.375, 7, 6], "texture": "#2"},
				"down": {"uv": [8.625, 1, 8, 5.375], "texture": "#2"}
			}
		},
		{
			"from": [6.8, 2.7, 6.2],
			"to": [6.8, 3.7, 8.6],
			"rotation": {"angle": 0, "axis": "x", "origin": [6.5, 1.7, 8.6]},
			"faces": {
				"north": {"uv": [0, 0, 0, 0.5], "texture": "#2"},
				"east": {"uv": [11.5, 5, 12.75, 5.5], "texture": "#2"},
				"south": {"uv": [0, 0, 0, 0.5], "texture": "#2"},
				"west": {"uv": [11.5, 8.5, 12.75, 9], "texture": "#2"},
				"up": {"uv": [0, 1.25, 0, 0], "texture": "#2"},
				"down": {"uv": [0, 0, 0, 1.25], "texture": "#2"}
			}
		},
		{
			"from": [6.1, 1.9, 8.7],
			"to": [7.4, 3.9, 13.5],
			"rotation": {"angle": 42.5, "axis": "x", "origin": [6, 1.9, 13.5]},
			"faces": {
				"north": {"uv": [2, 12, 2.625, 13], "texture": "#2"},
				"east": {"uv": [5, 1, 7.375, 2], "texture": "#2"},
				"south": {"uv": [3, 12, 3.625, 13], "texture": "#2"},
				"west": {"uv": [5, 2, 7.375, 3], "texture": "#2"},
				"up": {"uv": [10.625, 3.375, 10, 1], "texture": "#2"},
				"down": {"uv": [10.625, 9, 10, 11.375], "texture": "#2"}
			}
		},
		{
			"from": [6, 4, 5.5],
			"to": [7.5, 6.7, 15.5],
			"rotation": {"angle": 0, "axis": "x", "origin": [6, 6.7, 9.5]},
			"faces": {
				"north": {"uv": [1, 11, 1.75, 12.375], "texture": "#2"},
				"east": {"uv": [0, 0, 5, 1.375], "texture": "#2"},
				"south": {"uv": [11, 1.5, 11.75, 2.875], "texture": "#2"},
				"west": {"uv": [0, 1.5, 5, 2.875], "texture": "#2"},
				"up": {"uv": [0.75, 11, 0, 6], "texture": "#2"},
				"down": {"uv": [1.75, 6, 1, 11], "texture": "#2"}
			}
		},
		{
			"from": [6, 1.9, 13.5],
			"to": [7.5, 6.7, 15.5],
			"rotation": {"angle": 0, "axis": "y", "origin": [6, 1.9, 13.5]},
			"faces": {
				"north": {"uv": [9, 9, 9.75, 11.375], "texture": "#2"},
				"east": {"uv": [4.5, 8.5, 5.5, 10.875], "texture": "#2"},
				"south": {"uv": [2, 9.5, 2.75, 11.875], "texture": "#2"},
				"west": {"uv": [5.5, 8.5, 6.5, 10.875], "texture": "#2"},
				"up": {"uv": [12.25, 1, 11.5, 0], "texture": "#2"},
				"down": {"uv": [12.75, 1.5, 12, 2.5], "texture": "#2"}
			}
		},
		{
			"from": [6.3, 1.1, 8.8],
			"to": [7.2, 3.5, 9.8],
			"rotation": {"angle": -27.5, "axis": "x", "origin": [6, 1.1, 7.8]},
			"faces": {
				"north": {"uv": [10.5, 11.5, 11, 12.75], "texture": "#2"},
				"east": {"uv": [12, 6.5, 12.5, 7.75], "texture": "#2"},
				"south": {"uv": [1, 12.5, 1.5, 13.75], "texture": "#2"},
				"west": {"uv": [1.5, 12.5, 2, 13.75], "texture": "#2"},
				"up": {"uv": [12.5, 3, 12, 2.5], "texture": "#2"},
				"down": {"uv": [13.5, 5, 13, 5.5], "texture": "#2"}
			}
		},
		{
			"from": [6.1, 2.3, 13.5],
			"to": [7.4, 6.8, 15.5],
			"rotation": {"angle": 10, "axis": "x", "origin": [6, 2.2, 13.5]},
			"faces": {
				"north": {"uv": [10.5, 6.5, 11.125, 8.75], "texture": "#2"},
				"east": {"uv": [8.5, 6.5, 9.5, 8.75], "texture": "#2"},
				"south": {"uv": [7, 10.5, 7.625, 12.75], "texture": "#2"},
				"west": {"uv": [9, 1, 10, 3.25], "texture": "#2"},
				"up": {"uv": [13.125, 1, 12.5, 0], "texture": "#2"},
				"down": {"uv": [13.125, 2.5, 12.5, 3.5], "texture": "#2"}
			}
		},
		{
			"from": [6.2, 3.6, 5.2],
			"to": [7.3, 4.6, 9.5],
			"rotation": {"angle": 0, "axis": "y", "origin": [6, 6.3, 8.3]},
			"faces": {
				"north": {"uv": [13, 5.5, 13.5, 6], "texture": "#2"},
				"east": {"uv": [9, 5, 11.125, 5.5], "texture": "#2"},
				"south": {"uv": [13, 6, 13.5, 6.5], "texture": "#2"},
				"west": {"uv": [11, 1, 13.125, 1.5], "texture": "#2"},
				"up": {"uv": [0.5, 13.125, 0, 11], "texture": "#2"},
				"down": {"uv": [1, 11, 0.5, 13.125], "texture": "#2"}
			}
		},
		{
			"from": [6.7, 4.4, -7.6],
			"to": [6.9, 6.3, -7],
			"rotation": {"angle": 0, "axis": "y", "origin": [5.4, 7, -2.6]},
			"faces": {
				"north": {"uv": [5, 13.5, 5.125, 14.5], "texture": "#2"},
				"east": {"uv": [7, 13, 7.25, 14], "texture": "#2"},
				"south": {"uv": [13.5, 5, 13.625, 6], "texture": "#2"},
				"west": {"uv": [13, 7, 13.25, 8], "texture": "#2"},
				"up": {"uv": [14.125, 2.25, 14, 2], "texture": "#2"},
				"down": {"uv": [14.125, 2.5, 14, 2.75], "texture": "#2"}
			}
		},
		{
			"from": [6.4, 5.5, -10.7],
			"to": [7.1, 6.4, 2.1],
			"rotation": {"angle": 0, "axis": "y", "origin": [5.8, 8, -3.9]},
			"faces": {
				"north": {"uv": [12, 13, 12.375, 13.5], "texture": "#2"},
				"east": {"uv": [5, 0, 11.375, 0.5], "texture": "#2"},
				"south": {"uv": [12.5, 13, 12.875, 13.5], "texture": "#2"},
				"west": {"uv": [5, 0.5, 11.375, 1], "texture": "#2"},
				"up": {"uv": [8.375, 12.875, 8, 6.5], "texture": "#2"},
				"down": {"uv": [4.375, 8.5, 4, 14.875], "texture": "#2"}
			}
		},
		{
			"from": [6.1, 4, -7.6],
			"to": [6.6, 4.5, -7.4],
			"rotation": {"angle": 42.5, "axis": "z", "origin": [6.2, 4.2, -7.5]},
			"faces": {
				"north": {"uv": [13.5, 8.5, 13.75, 8.75], "texture": "#2"},
				"east": {"uv": [3, 14, 3.125, 14.25], "texture": "#2"},
				"south": {"uv": [13.5, 10.5, 13.75, 10.75], "texture": "#2"},
				"west": {"uv": [14, 3, 14.125, 3.25], "texture": "#2"},
				"up": {"uv": [3.75, 14.125, 3.5, 14], "texture": "#2"},
				"down": {"uv": [14.25, 3.5, 14, 3.625], "texture": "#2"}
			}
		},
		{
			"from": [6.7, 4.4, -6.1],
			"to": [6.9, 6.3, -5.5],
			"rotation": {"angle": 0, "axis": "y", "origin": [5.4, 7, -1.2]},
			"faces": {
				"north": {"uv": [5.5, 13.5, 5.625, 14.5], "texture": "#2"},
				"east": {"uv": [7.5, 13, 7.75, 14], "texture": "#2"},
				"south": {"uv": [6, 13.5, 6.125, 14.5], "texture": "#2"},
				"west": {"uv": [8, 13, 8.25, 14], "texture": "#2"},
				"up": {"uv": [14.125, 4.25, 14, 4], "texture": "#2"},
				"down": {"uv": [4.625, 14, 4.5, 14.25], "texture": "#2"}
			}
		},
		{
			"from": [6.7, 6.1, -9.9],
			"to": [6.7, 8, -8.9],
			"rotation": {"angle": 0, "axis": "y", "origin": [5.4, 8.6, -4.6]},
			"faces": {
				"north": {"uv": [0, 0, 0, 1], "texture": "#2"},
				"east": {"uv": [5, 12.5, 5.5, 13.5], "texture": "#2"},
				"south": {"uv": [0, 0, 0, 1], "texture": "#2"},
				"west": {"uv": [5.5, 12.5, 6, 13.5], "texture": "#2"},
				"up": {"uv": [0, 0.5, 0, 0], "texture": "#2"},
				"down": {"uv": [0, 0, 0, 0.5], "texture": "#2"}
			}
		},
		{
			"from": [6.7, 3.7, -3.8],
			"to": [6.9, 5.2, -3.1],
			"rotation": {"angle": 0, "axis": "y", "origin": [5.4, 5.8, 1.2]},
			"faces": {
				"north": {"uv": [10, 13.5, 10.125, 14.25], "texture": "#2"},
				"east": {"uv": [3, 13, 3.375, 13.75], "texture": "#2"},
				"south": {"uv": [10.5, 13.5, 10.625, 14.25], "texture": "#2"},
				"west": {"uv": [3.5, 13, 3.875, 13.75], "texture": "#2"},
				"up": {"uv": [13.125, 13.875, 13, 13.5], "texture": "#2"},
				"down": {"uv": [13.625, 13.5, 13.5, 13.875], "texture": "#2"}
			}
		},
		{
			"from": [7.4, 6.5, 0.3],
			"to": [7.6, 6.7, 3.2],
			"rotation": {"angle": 27.5, "axis": "x", "origin": [7.4, 4.7, 3.2]},
			"faces": {
				"north": {"uv": [6.5, 14, 6.625, 14.125], "texture": "#2"},
				"east": {"uv": [13, 13, 14.5, 13.125], "texture": "#2"},
				"south": {"uv": [14, 6.5, 14.125, 6.625], "texture": "#2"},
				"west": {"uv": [13.5, 0, 15, 0.125], "texture": "#2"},
				"up": {"uv": [0.125, 15, 0, 13.5], "texture": "#2"},
				"down": {"uv": [0.625, 13.5, 0.5, 15], "texture": "#2"}
			}
		},
		{
			"from": [6.3, 1.1, -0.5],
			"to": [7.2, 4.5, 0.5],
			"rotation": {"angle": -27.5, "axis": "x", "origin": [6, 1.1, -1.5]},
			"faces": {
				"north": {"uv": [7.5, 1, 8, 2.75], "texture": "#2"},
				"east": {"uv": [11, 11, 11.5, 12.75], "texture": "#2"},
				"south": {"uv": [11.5, 6.5, 12, 8.25], "texture": "#2"},
				"west": {"uv": [9, 11.5, 9.5, 13.25], "texture": "#2"},
				"up": {"uv": [13.5, 8.5, 13, 8], "texture": "#2"},
				"down": {"uv": [13.5, 8.5, 13, 9], "texture": "#2"}
			}
		},
		{
			"from": [5.8, 3.9, -2],
			"to": [7.7, 6.7, 5.1],
			"rotation": {"angle": 0, "axis": "y", "origin": [6, 6.7, 1.1]},
			"faces": {
				"north": {"uv": [9, 3.5, 10, 4.875], "texture": "#2"},
				"east": {"uv": [4.5, 3, 8, 4.375], "texture": "#2"},
				"south": {"uv": [10, 3.5, 11, 4.875], "texture": "#2"},
				"west": {"uv": [4.5, 4.5, 8, 5.875], "texture": "#2"},
				"up": {"uv": [3, 9.5, 2, 6], "texture": "#2"},
				"down": {"uv": [4, 6, 3, 9.5], "texture": "#2"}
			}
		},
		{
			"from": [6.5, 4.6, -8.5],
			"to": [6.9, 5, -7.6],
			"rotation": {"angle": 0, "axis": "y", "origin": [5.6, 7.2, -4.6]},
			"faces": {
				"north": {"uv": [11, 13.5, 11.25, 13.75], "texture": "#2"},
				"east": {"uv": [13.5, 6, 14, 6.25], "texture": "#2"},
				"south": {"uv": [13.5, 11, 13.75, 11.25], "texture": "#2"},
				"west": {"uv": [6.5, 13.5, 7, 13.75], "texture": "#2"},
				"up": {"uv": [13.75, 7, 13.5, 6.5], "texture": "#2"},
				"down": {"uv": [13.75, 7, 13.5, 7.5], "texture": "#2"}
			}
		},
		{
			"from": [6.3, 3.7, -3.9],
			"to": [7.2, 4.2, -1.6],
			"rotation": {"angle": 0, "axis": "x", "origin": [6, 2.2, -1.6]},
			"faces": {
				"north": {"uv": [4, 4, 6, 5], "texture": "#1"},
				"east": {"uv": [4, 0, 8.5, 1], "texture": "#1"},
				"south": {"uv": [0, 6, 2, 7], "texture": "#1"},
				"west": {"uv": [4, 2, 8.5, 3], "texture": "#1"},
				"up": {"uv": [2, 4.5, 0, 0], "texture": "#1"},
				"down": {"uv": [4, 0, 2, 4.5], "texture": "#1"}
			}
		},
		{
			"from": [6, 4.1, -3.4],
			"to": [7.5, 4.8, -2.7],
			"rotation": {"angle": 45, "axis": "x", "origin": [5.4, 4.4, -3]},
			"faces": {
				"north": {"uv": [13, 2, 13.75, 2.375], "texture": "#2"},
				"east": {"uv": [13.5, 2.5, 13.875, 2.875], "texture": "#2"},
				"south": {"uv": [13, 3.5, 13.75, 3.875], "texture": "#2"},
				"west": {"uv": [13.5, 3, 13.875, 3.375], "texture": "#2"},
				"up": {"uv": [13.75, 4.375, 13, 4], "texture": "#2"},
				"down": {"uv": [13.75, 4.5, 13, 4.875], "texture": "#2"}
			}
		},
		{
			"from": [6.1, 4.2, -7.5],
			"to": [6.4, 4.5, -2.8],
			"rotation": {"angle": 0, "axis": "y", "origin": [4.4, 4.2, -4.8]},
			"faces": {
				"north": {"uv": [7, 14, 7.125, 14.125], "texture": "#2"},
				"east": {"uv": [12.5, 9, 14.875, 9.125], "texture": "#2"},
				"south": {"uv": [14, 7, 14.125, 7.125], "texture": "#2"},
				"west": {"uv": [12.5, 9.5, 14.875, 9.625], "texture": "#2"},
				"up": {"uv": [12.625, 12.375, 12.5, 10], "texture": "#2"},
				"down": {"uv": [11.625, 12.5, 11.5, 14.875], "texture": "#2"}
			}
		},
		{
			"from": [7.1, 4.2, -7.5],
			"to": [7.4, 4.5, -2.8],
			"rotation": {"angle": 0, "axis": "y", "origin": [5.4, 4.2, -4.8]},
			"faces": {
				"north": {"uv": [7.5, 14, 7.625, 14.125], "texture": "#2"},
				"east": {"uv": [12, 12.5, 14.375, 12.625], "texture": "#2"},
				"south": {"uv": [8, 14, 8.125, 14.125], "texture": "#2"},
				"west": {"uv": [13, 1.5, 15.375, 1.625], "texture": "#2"},
				"up": {"uv": [2.125, 15.375, 2, 13], "texture": "#2"},
				"down": {"uv": [2.625, 13, 2.5, 15.375], "texture": "#2"}
			}
		},
		{
			"from": [7.1, 4, -7.6],
			"to": [7.6, 4.5, -7.4],
			"rotation": {"angle": 42.5, "axis": "z", "origin": [7.2, 4.2, -7.5]},
			"faces": {
				"north": {"uv": [13.5, 11.5, 13.75, 11.75], "texture": "#2"},
				"east": {"uv": [14, 4.5, 14.125, 4.75], "texture": "#2"},
				"south": {"uv": [12, 13.5, 12.25, 13.75], "texture": "#2"},
				"west": {"uv": [14, 5, 14.125, 5.25], "texture": "#2"},
				"up": {"uv": [14.25, 5.625, 14, 5.5], "texture": "#2"},
				"down": {"uv": [14.25, 6, 14, 6.125], "texture": "#2"}
			}
		},
		{
			"from": [4.7, 1.5, 5.7],
			"to": [6.3, 6.1, 8.3],
			"rotation": {"angle": 0, "axis": "y", "origin": [4.7, 4, 6.2]},
			"faces": {
				"north": {"uv": [3, 9.5, 3.75, 11.75], "texture": "#2"},
				"east": {"uv": [4, 6, 5.25, 8.25], "texture": "#2"},
				"south": {"uv": [9.5, 6.5, 10.25, 8.75], "texture": "#2"},
				"west": {"uv": [5.5, 6, 6.75, 8.25], "texture": "#2"},
				"up": {"uv": [5.25, 12.25, 4.5, 11], "texture": "#2"},
				"down": {"uv": [6.25, 11, 5.5, 12.25], "texture": "#2"}
			}
		},
		{
			"from": [6.3, 5.4, -11.9],
			"to": [7.2, 6.5, -10.6],
			"rotation": {"angle": 0, "axis": "y", "origin": [5.6, 8.2, -7.6]},
			"faces": {
				"north": {"uv": [9.5, 13, 10, 13.5], "texture": "#2"},
				"east": {"uv": [12, 8, 12.625, 8.5], "texture": "#2"},
				"south": {"uv": [10, 13, 10.5, 13.5], "texture": "#2"},
				"west": {"uv": [12.5, 6.5, 13.125, 7], "texture": "#2"},
				"up": {"uv": [6.5, 13.125, 6, 12.5], "texture": "#2"},
				"down": {"uv": [13, 7, 12.5, 7.625], "texture": "#2"}
			}
		},
		{
			"from": [7.4, 7.6, 1.5],
			"to": [7.6, 8.3, 1.7],
			"rotation": {"angle": 0, "axis": "x", "origin": [7.4, 7.5, -0.3]},
			"faces": {
				"north": {"uv": [14, 0.5, 14.125, 0.875], "texture": "#2"},
				"east": {"uv": [1, 14, 1.125, 14.375], "texture": "#2"},
				"south": {"uv": [14, 1, 14.125, 1.375], "texture": "#2"},
				"west": {"uv": [1.5, 14, 1.625, 14.375], "texture": "#2"},
				"up": {"uv": [8.625, 14.125, 8.5, 14], "texture": "#2"},
				"down": {"uv": [14.125, 8.5, 14, 8.625], "texture": "#2"}
			}
		},
		{
			"from": [7.4, 8.4, 1.7],
			"to": [7.6, 8.6, 3.5],
			"rotation": {"angle": -5, "axis": "x", "origin": [7.4, 6.6, 4.6]},
			"faces": {
				"north": {"uv": [14, 10, 14.125, 10.125], "texture": "#2"},
				"east": {"uv": [13.5, 7.5, 14.375, 7.625], "texture": "#2"},
				"south": {"uv": [14, 10.5, 14.125, 10.625], "texture": "#2"},
				"west": {"uv": [13.5, 8, 14.375, 8.125], "texture": "#2"},
				"up": {"uv": [9.125, 14.375, 9, 13.5], "texture": "#2"},
				"down": {"uv": [9.625, 13.5, 9.5, 14.375], "texture": "#2"}
			}
		},
		{
			"from": [7.3, 8.3, 2],
			"to": [7.7, 8.7, 3.7],
			"rotation": {"angle": -5, "axis": "x", "origin": [7.4, 6.6, 4.7]},
			"faces": {
				"north": {"uv": [13.5, 12, 13.75, 12.25], "texture": "#2"},
				"east": {"uv": [13, 10, 13.875, 10.25], "texture": "#2"},
				"south": {"uv": [12.5, 13.5, 12.75, 13.75], "texture": "#2"},
				"west": {"uv": [10.5, 13, 11.375, 13.25], "texture": "#2"},
				"up": {"uv": [13.25, 11.375, 13, 10.5], "texture": "#2"},
				"down": {"uv": [13.25, 11.5, 13, 12.375], "texture": "#2"}
			}
		},
		{
			"from": [5.8, 5.4, 11.6],
			"to": [5.8, 6.7, 14.6],
			"rotation": {"angle": 0, "axis": "y", "origin": [5.8, 5.4, 11.6]},
			"faces": {
				"north": {"uv": [0, 0, 0, 0.625], "texture": "#2"},
				"east": {"uv": [11, 9, 12.5, 9.625], "texture": "#2"},
				"south": {"uv": [0, 0, 0, 0.625], "texture": "#2"},
				"west": {"uv": [11, 10, 12.5, 10.625], "texture": "#2"},
				"up": {"uv": [0, 1.5, 0, 0], "texture": "#2"},
				"down": {"uv": [0, 0, 0, 1.5], "texture": "#2"}
			}
		},
		{
			"from": [7.6, 5.4, 11.6],
			"to": [7.6, 6.7, 14.6],
			"rotation": {"angle": 0, "axis": "y", "origin": [7.6, 5.4, 11.6]},
			"faces": {
				"north": {"uv": [0, 0, 0, 0.625], "texture": "#2"},
				"east": {"uv": [11, 3, 12.5, 3.625], "texture": "#2"},
				"south": {"uv": [0, 0, 0, 0.625], "texture": "#2"},
				"west": {"uv": [11, 4, 12.5, 4.625], "texture": "#2"},
				"up": {"uv": [0, 1.5, 0, 0], "texture": "#2"},
				"down": {"uv": [0, 0, 0, 1.5], "texture": "#2"}
			}
		},
		{
			"from": [6.4, 5.6, 4.1],
			"to": [7.1, 8.5, 4.1],
			"rotation": {"angle": 0.5, "axis": "x", "origin": [6.6, 5.6, 2.3]},
			"faces": {
				"north": {"uv": [12.5, 3.5, 12.875, 5], "texture": "#2"},
				"east": {"uv": [0, 0, 0, 1.5], "texture": "#2"},
				"south": {"uv": [4.5, 12.5, 4.875, 14], "texture": "#2"},
				"west": {"uv": [0, 0, 0, 1.5], "texture": "#2"},
				"up": {"uv": [0.375, 0, 0, 0], "texture": "#2"},
				"down": {"uv": [0.375, 0, 0, 0], "texture": "#2"}
			}
		},
		{
			"from": [6.4, 4.3, -7.8],
			"to": [7.1, 5.2, 2.1],
			"rotation": {"angle": 0, "axis": "y", "origin": [5.8, 6.9, -3.9]},
			"faces": {
				"north": {"uv": [13.5, 0.5, 13.875, 1], "texture": "#2"},
				"east": {"uv": [8, 5.5, 13, 6], "texture": "#2"},
				"south": {"uv": [13.5, 1, 13.875, 1.5], "texture": "#2"},
				"west": {"uv": [8, 6, 13, 6.5], "texture": "#2"},
				"up": {"uv": [6.875, 13.5, 6.5, 8.5], "texture": "#2"},
				"down": {"uv": [8.875, 9, 8.5, 14], "texture": "#2"}
			}
		}
	],
	"display": {
		"thirdperson_righthand": {
			"translation": [1, 4, 0.5]
		},
		"thirdperson_lefthand": {
			"translation": [-1.25, 4, 0.5]
		},
		"firstperson_righthand": {
			"rotation": [0, -10, 0],
			"translation": [2.38, 3.25, 0.75]
		},
		"firstperson_lefthand": {
			"rotation": [0, -10, 0],
			"translation": [-0.25, 3, 0.75]
		},
		"ground": {
			"translation": [3.25, 5.25, 6]
		},
		"gui": {
			"rotation": [88.99, -60.22, 89.15],
			"translation": [-6.25, 0, 0]
		},
		"head": {
			"translation": [3.5, 14.25, 0],
			"scale": [1.5, 1.5, 1.5]
		},
		"fixed": {
			"rotation": [88.99, -60.22, 89.15],
			"translation": [-6.25, 0, 0]
		}
	},
	"groups": [
		{
			"name": "group",
			"origin": [7.4, 6.6, 4.7],
			"color": 0,
			"children": [0, 1, 2, 3, 4, 5, 6, 7, 8, 9, 10, 11, 12, 13, 14, 15, 16, 17, 18, 19, 20, 21, 22, 23, 24, 25, 26, 27, 28, 29, 30, 31]
		}
	]
}