{
	"credit": "Made with Blockbench",
	"texture_size": [64, 64],
	"textures": {
		"0": "item/pepeland/carved_pumpkin/part_1/trash_can_lid/trash_can_lid",
		"particle": "item/pepeland/carved_pumpkin/part_1/trash_can_lid/trash_can_lid"
	},
	"elements": [
		{
			"from": [3, 1, 3],
			"to": [13, 2.5, 13],
			"faces": {
				"north": {"uv": [9.75, 3.25, 12.25, 3.5], "texture": "#0"},
				"east": {"uv": [9.75, 0.5, 12.25, 0.75], "texture": "#0"},
				"south": {"uv": [8.75, 3.25, 11.25, 3.5], "texture": "#0"},
				"west": {"uv": [8.75, 0.5, 11.25, 0.75], "texture": "#0"},
				"up": {"uv": [11.75, 3.25, 9.25, 0.75], "texture": "#0"},
				"down": {"uv": [2.5, 3.5, 0, 6], "texture": "#0"}
			}
		},
		{
			"from": [2, 0, 2],
			"to": [14, 1, 14],
			"faces": {
				"north": {"uv": [9.5, 3.75, 12.5, 4], "texture": "#0"},
				"east": {"uv": [8.5, 3.75, 11.5, 4], "texture": "#0"},
				"south": {"uv": [9.5, 0, 12.5, 0.25], "texture": "#0"},
				"west": {"uv": [8.5, 0, 11.5, 0.25], "texture": "#0"},
				"up": {"uv": [12, 3.5, 9, 0.5], "texture": "#0"},
				"down": {"uv": [12, 0.5, 9, 3.5], "texture": "#0"}
			}
		},
		{
			"from": [5, 2.5, 7],
			"to": [6, 3.5, 9],
			"faces": {
				"north": {"uv": [9.25, 0.75, 9.5, 1], "texture": "#0"},
				"east": {"uv": [9.75, 0.25, 10.25, 0.5], "texture": "#0"},
				"south": {"uv": [9.5, 0.75, 9.75, 1], "texture": "#0"},
				"west": {"uv": [9.75, 0.5, 10.25, 0.75], "texture": "#0"},
				"up": {"uv": [9, 1.25, 8.75, 0.75], "texture": "#0"},
				"down": {"uv": [9.25, 0.75, 9, 1.25], "texture": "#0"}
			}
		},
		{
			"from": [6, 3.5, 7],
			"to": [10, 4.5, 9],
			"faces": {
				"north": {"uv": [10.75, 0.75, 11.75, 1], "texture": "#0"},
				"east": {"uv": [11.25, 2.5, 11.75, 2.75], "texture": "#0"},
				"south": {"uv": [9.5, 2.75, 10.5, 3], "texture": "#0"},
				"west": {"uv": [9.5, 1.25, 10, 1.5], "texture": "#0"},
				"up": {"uv": [12.25, 1.75, 11.25, 1.25], "texture": "#0"},
				"down": {"uv": [11.25, 1.75, 10.25, 2.25], "texture": "#0"}
			}
		},
		{
			"from": [10, 2.5, 7],
			"to": [11, 3.5, 9],
			"faces": {
				"north": {"uv": [9.25, 2.5, 9.5, 2.75], "texture": "#0"},
				"east": {"uv": [11.5, 2, 12, 2.25], "texture": "#0"},
				"south": {"uv": [9.5, 2.5, 9.75, 2.75], "texture": "#0"},
				"west": {"uv": [10.75, 1, 11.25, 1.25], "texture": "#0"},
				"up": {"uv": [9.25, 3, 9, 2.5], "texture": "#0"},
				"down": {"uv": [10.25, 1.5, 10, 2], "texture": "#0"}
			}
		}
	],
	"display": {
		"thirdperson_righthand": {
			"translation": [0, 3.25, 0],
			"scale": [0.46, 0.46, 0.46]
		},
		"thirdperson_lefthand": {
			"translation": [0, 3.25, 0],
			"scale": [0.46, 0.46, 0.46]
		},
		"firstperson_righthand": {
			"translation": [0, 7, 0],
			"scale": [0.68, 0.68, 0.68]
		},
		"firstperson_lefthand": {
			"translation": [0, 7, 0],
			"scale": [0.68, 0.68, 0.68]
		},
		"ground": {
			"translation": [0, 3.5, 0],
			"scale": [0.74, 0.74, 0.74]
		},
		"gui": {
			"rotation": [24, 45, 0],
			"translation": [0.25, 4.75, 0],
			"scale": [0.83, 0.83, 0.83]
		},
		"head": {
			"translation": [0, 16.25, 0],
			"scale": [1.31, 1.31, 1.31]
		},
		"fixed": {
			"rotation": [-90, 0, 0],
			"translation": [0, 0, -13],
			"scale": [1.64, 1.64, 1.64]
		}
	}
}