{
	"credit": "Made with Blockbench",
	"texture_size": [32, 32],
	"textures": {
		"0": "item/pepeland/carved_pumpkin/part_1/santa_hat/santa_hat",
		"particle": "item/pepeland/carved_pumpkin/part_1/santa_hat/santa_hat"
	},
	"elements": [
		{
			"from": [4, 10, 4],
			"to": [12, 12, 12],
			"faces": {
				"north": {"uv": [9, 7.5, 13, 8.5], "texture": "#0"},
				"east": {"uv": [9, 8.5, 13, 9.5], "texture": "#0"},
				"south": {"uv": [0, 9.5, 4, 10.5], "texture": "#0"},
				"west": {"uv": [9, 9.5, 13, 10.5], "texture": "#0"},
				"up": {"uv": [4, 4, 0, 0], "texture": "#0"},
				"down": {"uv": [4, 4, 0, 8], "texture": "#0"}
			}
		},
		{
			"from": [4.5, 11, 4.5],
			"to": [11.5, 14, 11.5],
			"faces": {
				"north": {"uv": [7.5, 3, 11, 4.5], "texture": "#0"},
				"east": {"uv": [7.5, 4.5, 11, 6], "texture": "#0"},
				"south": {"uv": [0, 8, 3.5, 9.5], "texture": "#0"},
				"west": {"uv": [9, 6, 12.5, 7.5], "texture": "#0"},
				"up": {"uv": [7.5, 3.5, 4, 0], "texture": "#0"},
				"down": {"uv": [7.5, 3.5, 4, 7], "texture": "#0"}
			}
		},
		{
			"from": [5.5, 12.5, 5.9],
			"to": [10.5, 15.5, 13.9],
			"faces": {
				"north": {"uv": [0, 10.5, 2.5, 12], "texture": "#0"},
				"east": {"uv": [7.5, 0, 11.5, 1.5], "texture": "#0"},
				"south": {"uv": [9, 10.5, 11.5, 12], "texture": "#0"},
				"west": {"uv": [7.5, 1.5, 11.5, 3], "texture": "#0"},
				"up": {"uv": [6.5, 11, 4, 7], "texture": "#0"},
				"down": {"uv": [9, 7, 6.5, 11], "texture": "#0"}
			}
		},
		{
			"from": [7.5, 8.5, 13.9],
			"to": [8.5, 14.5, 14.9],
			"faces": {
				"north": {"uv": [8.5, 11, 9, 14], "texture": "#0"},
				"east": {"uv": [11.5, 0, 12, 3], "texture": "#0"},
				"south": {"uv": [11.5, 10.5, 12, 13.5], "texture": "#0"},
				"west": {"uv": [0, 12, 0.5, 15], "texture": "#0"},
				"up": {"uv": [8, 6.5, 7.5, 6], "texture": "#0"},
				"down": {"uv": [8, 6.5, 7.5, 7], "texture": "#0"}
			}
		},
		{
			"from": [6.5, 11.5, 13.9],
			"to": [7.5, 14.5, 14.9],
			"faces": {
				"north": {"uv": [3.5, 8, 4, 9.5], "texture": "#0"},
				"east": {"uv": [12, 0, 12.5, 1.5], "texture": "#0"},
				"south": {"uv": [0.5, 12, 1, 13.5], "texture": "#0"},
				"west": {"uv": [1, 12, 1.5, 13.5], "texture": "#0"},
				"up": {"uv": [8.5, 6.5, 8, 6], "texture": "#0"},
				"down": {"uv": [8.5, 6.5, 8, 7], "texture": "#0"}
			}
		},
		{
			"from": [8.5, 11.5, 13.9],
			"to": [9.5, 14.5, 14.9],
			"faces": {
				"north": {"uv": [1.5, 12, 2, 13.5], "texture": "#0"},
				"east": {"uv": [12, 1.5, 12.5, 3], "texture": "#0"},
				"south": {"uv": [2, 12, 2.5, 13.5], "texture": "#0"},
				"west": {"uv": [2.5, 12, 3, 13.5], "texture": "#0"},
				"up": {"uv": [9, 6.5, 8.5, 6], "texture": "#0"},
				"down": {"uv": [9, 6.5, 8.5, 7], "texture": "#0"}
			}
		},
		{
			"from": [6.5, 5.5, 12.9],
			"to": [9.5, 8.5, 15.9],
			"faces": {
				"north": {"uv": [2.5, 10.5, 4, 12], "texture": "#0"},
				"east": {"uv": [11, 3, 12.5, 4.5], "texture": "#0"},
				"south": {"uv": [4, 11, 5.5, 12.5], "texture": "#0"},
				"west": {"uv": [11, 4.5, 12.5, 6], "texture": "#0"},
				"up": {"uv": [7, 12.5, 5.5, 11], "texture": "#0"},
				"down": {"uv": [8.5, 11, 7, 12.5], "texture": "#0"}
			}
		}
	],
	"display": {
		"thirdperson_righthand": {
			"rotation": [75, 90, 0],
			"translation": [-0.25, 0.25, -2],
			"scale": [0.375, 0.375, 0.375]
		},
		"thirdperson_lefthand": {
			"rotation": [75, 90, 0],
			"translation": [-0.25, 0.25, -2],
			"scale": [0.375, 0.375, 0.375]
		},
		"firstperson_righthand": {
			"rotation": [0, 45, 0],
			"scale": [0.7, 0.7, 0.7]
		},
		"firstperson_lefthand": {
			"rotation": [0, 45, 0],
			"scale": [0.7, 0.7, 0.7]
		},
		"gui": {
			"rotation": [20, -133, 0],
			"translation": [0.5, -3.5, 0]
		},
		"head": {
			"translation": [0, 1.35, 0],
			"scale": [1.9, 1.9, 1.9]
		},
		"fixed": {
			"rotation": [0, 90, 0],
			"translation": [-2, -4, 0],
			"scale": [1.56, 1.56, 1.56]
		}
	},
	"groups": [
		{
			"name": "hat",
			"origin": [0, 0, 0],
			"color": 0,
			"children": [0, 1, 2, 3, 4, 5, 6]
		}
	]
}