{
	"credit": "Made with Blockbench",
	"textures": {
		"0": "item/pepeland/carved_pumpkin/part_2/sunglasses_blue/sunglasses_blue",
		"particle": "item/pepeland/carved_pumpkin/part_2/sunglasses_blue/sunglasses_blue"
	},
	"elements": [
		{
			"from": [4, 0, 7],
			"to": [7, 2, 7],
			"faces": {
				"north": {"uv": [0, 0, 3, 2], "texture": "#0"},
				"east": {"uv": [0, 0, 0, 2], "texture": "#0"},
				"south": {"uv": [0, 2, 3, 4], "texture": "#0"},
				"west": {"uv": [0, 0, 0, 2], "texture": "#0"},
				"up": {"uv": [3, 0, 0, 0], "texture": "#0"},
				"down": {"uv": [3, 0, 0, 0], "texture": "#0"}
			}
		},
		{
			"from": [4.5, 0, 6.75],
			"to": [7, 0.5, 7.25],
			"faces": {
				"north": {"uv": [9, 3, 11.5, 3.5], "texture": "#0"},
				"east": {"uv": [9, 5, 10, 5.5], "texture": "#0"},
				"south": {"uv": [9, 4, 11.5, 4.5], "texture": "#0"},
				"west": {"uv": [6, 9, 7, 9.5], "texture": "#0"},
				"up": {"uv": [11.5, 3, 9, 2], "texture": "#0"},
				"down": {"uv": [5.5, 9, 3, 10], "texture": "#0"}
			}
		},
		{
			"from": [4, 0.5, 6.75],
			"to": [4.5, 1.5, 7.25],
			"faces": {
				"north": {"uv": [7, 10, 7.5, 11], "texture": "#0"},
				"east": {"uv": [10, 5, 11, 6], "texture": "#0"},
				"south": {"uv": [8, 10, 8.5, 11], "texture": "#0"},
				"west": {"uv": [6, 10, 7, 11], "texture": "#0"},
				"up": {"uv": [9.5, 11, 9, 10], "texture": "#0"},
				"down": {"uv": [10.5, 9, 10, 10], "texture": "#0"}
			}
		},
		{
			"from": [3.5, 1.5, 6.75],
			"to": [4, 2.5, 7.25],
			"faces": {
				"north": {"uv": [2, 10, 2.5, 11], "texture": "#0"},
				"east": {"uv": [1.5, 10, 2, 11], "texture": "#0"},
				"south": {"uv": [3, 10, 3.5, 11], "texture": "#0"},
				"west": {"uv": [10, 1, 11, 2], "texture": "#0"},
				"up": {"uv": [4.5, 11, 4, 10], "texture": "#0"},
				"down": {"uv": [5.5, 10, 5, 11], "texture": "#0"}
			}
		},
		{
			"from": [3.5, 2, 7.25],
			"to": [4, 2.5, 11.25],
			"faces": {
				"north": {"uv": [11, 0, 11.5, 0.5], "texture": "#0"},
				"east": {"uv": [10, 10, 14, 10.5], "texture": "#0"},
				"south": {"uv": [11, 1, 11.5, 1.5], "texture": "#0"},
				"west": {"uv": [0, 11, 4, 11.5], "texture": "#0"},
				"up": {"uv": [4.5, 15, 4, 11], "texture": "#0"},
				"down": {"uv": [5.5, 11, 5, 15], "texture": "#0"}
			}
		},
		{
			"from": [12, 2, 7.25],
			"to": [12.5, 2.5, 11.25],
			"faces": {
				"north": {"uv": [11, 9, 11.5, 9.5], "texture": "#0"},
				"east": {"uv": [11, 5, 15, 5.5], "texture": "#0"},
				"south": {"uv": [0, 12, 0.5, 12.5], "texture": "#0"},
				"west": {"uv": [6, 11, 10, 11.5], "texture": "#0"},
				"up": {"uv": [10.5, 15, 10, 11], "texture": "#0"},
				"down": {"uv": [11.5, 11, 11, 15], "texture": "#0"}
			}
		},
		{
			"from": [11.5, 0.5, 6.75],
			"to": [12, 1.5, 7.25],
			"faces": {
				"north": {"uv": [6, 8, 6.5, 9], "texture": "#0"},
				"east": {"uv": [5, 8, 5.5, 9], "texture": "#0"},
				"south": {"uv": [8, 6, 8.5, 7], "texture": "#0"},
				"west": {"uv": [8, 5, 9, 6], "texture": "#0"},
				"up": {"uv": [7.5, 9, 7, 8], "texture": "#0"},
				"down": {"uv": [8.5, 7, 8, 8], "texture": "#0"}
			}
		},
		{
			"from": [12, 1.5, 6.75],
			"to": [12.5, 2.5, 7.25],
			"faces": {
				"north": {"uv": [2, 8, 2.5, 9], "texture": "#0"},
				"east": {"uv": [0, 8, 0.5, 9], "texture": "#0"},
				"south": {"uv": [3, 8, 3.5, 9], "texture": "#0"},
				"west": {"uv": [1, 8, 1.5, 9], "texture": "#0"},
				"up": {"uv": [4.5, 9, 4, 8], "texture": "#0"},
				"down": {"uv": [8.5, 4, 8, 5], "texture": "#0"}
			}
		},
		{
			"from": [9, 0, 6.75],
			"to": [11.5, 0.5, 7.25],
			"faces": {
				"north": {"uv": [0, 5, 2.5, 5.5], "texture": "#0"},
				"east": {"uv": [0, 6, 1, 6.5], "texture": "#0"},
				"south": {"uv": [3, 5, 5.5, 5.5], "texture": "#0"},
				"west": {"uv": [6, 0, 7, 0.5], "texture": "#0"},
				"up": {"uv": [2.5, 4.5, 0, 4], "texture": "#0"},
				"down": {"uv": [5.5, 4, 3, 4.5], "texture": "#0"}
			}
		},
		{
			"from": [7, 0.5, 6.75],
			"to": [7.5, 1, 7.25],
			"faces": {
				"north": {"uv": [9, 1, 9.5, 1.5], "texture": "#0"},
				"east": {"uv": [8, 8, 9, 8.5], "texture": "#0"},
				"south": {"uv": [2, 9, 2.5, 9.5], "texture": "#0"},
				"west": {"uv": [0, 9, 1, 9.5], "texture": "#0"},
				"up": {"uv": [9.5, 1, 9, 0], "texture": "#0"},
				"down": {"uv": [1.5, 9, 1, 10], "texture": "#0"}
			}
		},
		{
			"from": [8.5, 0.5, 6.75],
			"to": [9, 1, 7.25],
			"faces": {
				"north": {"uv": [7, 6, 7.5, 6.5], "texture": "#0"},
				"east": {"uv": [4, 7, 5, 7.5], "texture": "#0"},
				"south": {"uv": [7, 7, 7.5, 7.5], "texture": "#0"},
				"west": {"uv": [7, 4, 8, 4.5], "texture": "#0"},
				"up": {"uv": [5.5, 8, 5, 7], "texture": "#0"},
				"down": {"uv": [6.5, 7, 6, 8], "texture": "#0"}
			}
		},
		{
			"from": [7, 1, 6.75],
			"to": [9, 2, 7.25],
			"faces": {
				"north": {"uv": [5, 6, 7, 7], "texture": "#0"},
				"east": {"uv": [2, 7, 3, 8], "texture": "#0"},
				"south": {"uv": [6, 5, 8, 6], "texture": "#0"},
				"west": {"uv": [3, 7, 3.5, 8], "texture": "#0"},
				"up": {"uv": [2, 8, 0, 7], "texture": "#0"},
				"down": {"uv": [9, 0, 7, 1], "texture": "#0"}
			}
		},
		{
			"from": [4, 2, 6.75],
			"to": [7, 2.5, 7.25],
			"faces": {
				"north": {"uv": [9, 7, 12, 7.5], "texture": "#0"},
				"east": {"uv": [0, 10, 1, 10.5], "texture": "#0"},
				"south": {"uv": [9, 8, 12, 8.5], "texture": "#0"},
				"west": {"uv": [10, 0, 11, 0.5], "texture": "#0"},
				"up": {"uv": [12, 7, 9, 6], "texture": "#0"},
				"down": {"uv": [10, 9, 7, 10], "texture": "#0"}
			}
		},
		{
			"from": [9, 2, 6.75],
			"to": [12, 2.5, 7.25],
			"faces": {
				"north": {"uv": [6, 2, 9, 2.5], "texture": "#0"},
				"east": {"uv": [4, 6, 5, 6.5], "texture": "#0"},
				"south": {"uv": [6, 3, 9, 3.5], "texture": "#0"},
				"west": {"uv": [6, 4, 7, 4.5], "texture": "#0"},
				"up": {"uv": [4, 7, 1, 6], "texture": "#0"},
				"down": {"uv": [9, 1, 6, 2], "texture": "#0"}
			}
		},
		{
			"from": [9, 0, 7],
			"to": [12, 2, 7],
			"faces": {
				"north": {"uv": [3, 0, 6, 2], "texture": "#0"},
				"east": {"uv": [0, 0, 0, 2], "texture": "#0"},
				"south": {"uv": [3, 2, 6, 4], "texture": "#0"},
				"west": {"uv": [0, 0, 0, 2], "texture": "#0"},
				"up": {"uv": [3, 0, 0, 0], "texture": "#0"},
				"down": {"uv": [3, 0, 0, 0], "texture": "#0"}
			}
		}
	],
	"display": {
		"thirdperson_righthand": {
			"translation": [0, 5, 1],
			"scale": [0.65, 0.65, 0.65]
		},
		"thirdperson_lefthand": {
			"translation": [0, 5, 1],
			"scale": [0.65, 0.65, 0.65]
		},
		"firstperson_righthand": {
			"rotation": [0, 120, 0],
			"translation": [0, 9.5, 0]
		},
		"firstperson_lefthand": {
			"rotation": [0, 120, 0],
			"translation": [0, 9.5, 0]
		},
		"ground": {
			"translation": [0, 5, 0]
		},
		"gui": {
			"rotation": [35, -136, 0],
			"translation": [1, 7, 0],
			"scale": [1.36, 1.36, 1.36]
		},
		"head": {
			"translation": [0, 12.25, -6.75],
			"scale": [1.8, 1.8, 1.8]
		},
		"fixed": {
			"translation": [0, 12, 0],
			"scale": [1.89, 1.89, 1.89]
		}
	}
}