{
	"credit": "Made with Blockbench",
	"texture_size": [32, 32],
	"textures": {
		"2": "item/pepeland/carved_pumpkin/part_1/star/star"
	},
	"elements": [
		{
			"from": [4.15, 0, 4],
			"to": [4.15, 10, 12],
			"rotation": {"angle": -22.5, "axis": "z", "origin": [4.15, 0, 8]},
			"faces": {
				"north": {"uv": [0, 0, 0, 5], "texture": "#2"},
				"east": {"uv": [4, 0, 0, 5], "texture": "#2"},
				"south": {"uv": [0, 0, 0, 5], "texture": "#2"},
				"west": {"uv": [0, 0, 4, 5], "texture": "#2"},
				"up": {"uv": [0, 4, 0, 0], "texture": "#2"},
				"down": {"uv": [0, 0, 0, 4], "texture": "#2"}
			}
		},
		{
			"from": [11.8, 0, 4],
			"to": [11.8, 10, 12],
			"rotation": {"angle": 22.5, "axis": "z", "origin": [11.85, 0, 8]},
			"faces": {
				"north": {"uv": [0, 0, 0, 5], "texture": "#2"},
				"east": {"uv": [13.5, 0, 9.5, 5], "texture": "#2"},
				"south": {"uv": [0, 0, 0, 5], "texture": "#2"},
				"west": {"uv": [13.5, 0, 9.5, 5], "texture": "#2"},
				"up": {"uv": [0, 4, 0, 0], "texture": "#2"},
				"down": {"uv": [0, 0, 0, 4], "texture": "#2"}
			}
		},
		{
			"from": [4, 0, 11.8],
			"to": [12, 10, 11.8],
			"rotation": {"angle": -22.5, "axis": "x", "origin": [8, 0, 11.8]},
			"faces": {
				"north": {"uv": [9.5, 0, 5.5, 5], "texture": "#2"},
				"east": {"uv": [0, 0, 0, 5], "texture": "#2"},
				"south": {"uv": [5.5, 0, 9.5, 5], "texture": "#2"},
				"west": {"uv": [0, 0, 0, 5], "texture": "#2"},
				"up": {"uv": [4, 0, 0, 0], "texture": "#2"},
				"down": {"uv": [4, 0, 0, 0], "texture": "#2"}
			}
		},
		{
			"from": [4, 0, 4.15],
			"to": [12, 10, 4.15],
			"rotation": {"angle": 22.5, "axis": "x", "origin": [8, 0, 4.15]},
			"faces": {
				"north": {"uv": [4, 6.5, 0, 11.5], "texture": "#2"},
				"east": {"uv": [0, 0, 0, 5], "texture": "#2"},
				"south": {"uv": [0, 6.5, 4, 11.5], "texture": "#2"},
				"west": {"uv": [0, 0, 0, 5], "texture": "#2"},
				"up": {"uv": [4, 0, 0, 0], "texture": "#2"},
				"down": {"uv": [4, 0, 0, 0], "texture": "#2"}
			}
		},
		{
			"from": [4.5, 8, 8],
			"to": [11.5, 16, 8],
			"faces": {
				"north": {"uv": [12.5, 12, 16, 16], "texture": "#2"},
				"east": {"uv": [12.5, 12, 12.5, 16], "texture": "#2"},
				"south": {"uv": [12.5, 12, 16, 16], "texture": "#2"},
				"west": {"uv": [12.5, 12, 12.5, 16], "texture": "#2"},
				"up": {"uv": [12.5, 12, 16, 12], "texture": "#2"},
				"down": {"uv": [12.5, 12, 16, 12], "texture": "#2"}
			}
		},
		{
			"from": [8, 8, 4.5],
			"to": [8, 16, 11.5],
			"faces": {
				"north": {"uv": [12.5, 12, 12.5, 16], "texture": "#2"},
				"east": {"uv": [12.5, 12, 16, 16], "texture": "#2"},
				"south": {"uv": [12.5, 12, 12.5, 16], "texture": "#2"},
				"west": {"uv": [12.5, 12, 16, 16], "texture": "#2"},
				"up": {"uv": [12.5, 12, 16, 12], "rotation": 270, "texture": "#2"},
				"down": {"uv": [12.5, 12, 16, 12], "rotation": 90, "texture": "#2"}
			}
		}
	],
	"display": {
		"thirdperson_righthand": {
			"rotation": [75, 45, 0],
			"translation": [0, 2.5, 0],
			"scale": [0.375, 0.375, 0.375]
		},
		"thirdperson_lefthand": {
			"rotation": [75, 45, 0],
			"translation": [0, 2.5, 0],
			"scale": [0.375, 0.375, 0.375]
		},
		"firstperson_righthand": {
			"rotation": [0, 225, 0],
			"translation": [0, 4.25, 0],
			"scale": [0.6, 0.6, 0.6]
		},
		"firstperson_lefthand": {
			"rotation": [0, 225, 0],
			"translation": [0, 4.25, 0],
			"scale": [0.6, 0.6, 0.6]
		},
		"gui": {
			"rotation": [32, -75, 0],
			"translation": [0, 1.25, 0],
			"scale": [0.8, 0.8, 0.8]
		},
		"head": {
			"translation": [0, 14.5, 0]
		}
	}
}