{
	"credit": "Made with Blockbench",
	"texture_size": [64, 64],
	"textures": {
		"0": "item/pepeland/carved_pumpkin/part_1/daft2/daft2",
		"particle": "item/pepeland/carved_pumpkin/part_1/daft2/daft2"
	},
	"elements": [
		{
			"from": [4, 1, 5.5],
			"to": [11, 7.75, 11.5],
			"faces": {
				"north": {"uv": [4.75, 0, 6.5, 1.75], "texture": "#0"},
				"east": {"uv": [0, 3.75, 1.5, 5.5], "texture": "#0"},
				"south": {"uv": [4.75, 5.25, 6.5, 7], "texture": "#0"},
				"west": {"uv": [1.5, 5.25, 3, 7], "texture": "#0"},
				"up": {"uv": [8.25, 1.5, 6.5, 0], "texture": "#0"},
				"down": {"uv": [8.25, 1.5, 6.5, 3], "texture": "#0"}
			}
		},
		{
			"from": [3.5, 0, 5],
			"to": [5, 2, 12],
			"faces": {
				"north": {"uv": [1.4375, 1.5, 1, 2], "texture": "#0"},
				"east": {"uv": [0, 0, 1.75, 0.5], "texture": "#0"},
				"south": {"uv": [1, 1.5, 1.4375, 2], "texture": "#0"},
				"west": {"uv": [0, 0.5, 1.75, 1], "texture": "#0"},
				"up": {"uv": [0.5, 2.75, 0.0625, 1], "texture": "#0"},
				"down": {"uv": [1, 1, 0.5, 2.75], "texture": "#0"}
			}
		},
		{
			"from": [5, 0, 5],
			"to": [7, 3, 12],
			"faces": {
				"north": {"uv": [3, 1.75, 2.5, 2.5], "texture": "#0"},
				"east": {"uv": [1.5, 1, 3.25, 1.75], "texture": "#0"},
				"south": {"uv": [2.5, 1.75, 3, 2.5], "texture": "#0"},
				"west": {"uv": [1.75, 0, 3.5, 0.75], "texture": "#0"},
				"up": {"uv": [2, 3.5, 1.5, 1.75], "texture": "#0"},
				"down": {"uv": [1.5, 2, 1, 3.75], "texture": "#0"}
			}
		},
		{
			"from": [7, 0, 5],
			"to": [9, 6, 12],
			"faces": {
				"north": {"uv": [3, 3.5, 2.5, 5], "texture": "#0"},
				"east": {"uv": [3, 1.75, 4.75, 3.25], "texture": "#0"},
				"south": {"uv": [2.5, 3.5, 3, 5], "texture": "#0"},
				"west": {"uv": [3, 3.25, 4.75, 4.75], "texture": "#0"},
				"up": {"uv": [4, 1.75, 3.5, 0], "texture": "#0"},
				"down": {"uv": [2, 3.5, 1.5, 5.25], "texture": "#0"}
			}
		},
		{
			"from": [9, 0, 5],
			"to": [12, 8, 12],
			"faces": {
				"north": {"uv": [1.5, 5.5, 0.75, 7.5], "texture": "#0"},
				"east": {"uv": [4.75, 1.75, 6.5, 3.75], "texture": "#0"},
				"south": {"uv": [0.75, 5.5, 1.5, 7.5], "texture": "#0"},
				"west": {"uv": [4.75, 1.75, 6.5, 3.75], "texture": "#0"},
				"up": {"uv": [4.75, 1.75, 4, 0], "texture": "#0"},
				"down": {"uv": [3.75, 4.75, 3, 6.5], "texture": "#0"}
			}
		},
		{
			"from": [8, 0.75, 12],
			"to": [11, 4.75, 13],
			"rotation": {"angle": 0, "axis": "z", "origin": [9.5, 3, 12.5]},
			"faces": {
				"north": {"uv": [2, 2.5, 2.75, 3.5], "texture": "#0"},
				"east": {"uv": [0.75, 2.75, 1, 3.75], "texture": "#0"},
				"south": {"uv": [0, 2.75, 0.75, 3.75], "texture": "#0"},
				"west": {"uv": [2.75, 2.5, 3, 3.5], "texture": "#0"},
				"up": {"uv": [2.5, 1, 1.75, 0.75], "texture": "#0"},
				"down": {"uv": [3.25, 0.75, 2.5, 1], "texture": "#0"}
			}
		},
		{
			"from": [8, 0.75, 4],
			"to": [11, 4.75, 5],
			"rotation": {"angle": 0, "axis": "y", "origin": [9.5, 3, 12.5]},
			"faces": {
				"north": {"uv": [0, 2.75, 0.75, 3.75], "texture": "#0"},
				"east": {"uv": [2.75, 2.5, 3, 3.5], "texture": "#0"},
				"south": {"uv": [2, 2.5, 2.75, 3.5], "texture": "#0"},
				"west": {"uv": [0.75, 2.75, 1, 3.75], "texture": "#0"},
				"up": {"uv": [2.5, 1, 1.75, 0.75], "rotation": 180, "texture": "#0"},
				"down": {"uv": [3.25, 0.75, 2.5, 1], "rotation": 180, "texture": "#0"}
			}
		}
	],
	"display": {
		"thirdperson_righthand": {
			"rotation": [0, -90, 0],
			"translation": [0, 3.25, 0],
			"scale": [0.42, 0.42, 0.42]
		},
		"thirdperson_lefthand": {
			"rotation": [0, 90, 0],
			"translation": [0, 3.25, 0],
			"scale": [0.42, 0.42, 0.42]
		},
		"firstperson_righthand": {
			"rotation": [0, -45, 0],
			"translation": [0, 6.75, 0],
			"scale": [0.69, 0.69, 0.69]
		},
		"firstperson_lefthand": {
			"rotation": [0, 125, 0],
			"translation": [0, 6.75, 0],
			"scale": [0.69, 0.69, 0.69]
		},
		"ground": {
			"translation": [0, 3, 0],
			"scale": [0.57, 0.57, 0.57]
		},
		"gui": {
			"rotation": [22, 135, 0],
			"translation": [0, 3.75, 0]
		},
		"head": {
			"rotation": [0, -90, 0],
			"translation": [1.25, 12, 0.5],
			"scale": [2.34, 2.34, 2.52]
		},
		"fixed": {
			"rotation": [-90, 0, 0],
			"translation": [0, -0.25, -14],
			"scale": [1.79, 1.79, 1.79]
		}
	}
}