{
  "model": {
    "type": "select",
    "property": "custom_model_data",
	"fallback": {
      "type": "minecraft:model",
      "model": "minecraft:item/goat_horn"
    },
    "cases": [
	  {
        "when": "cheering_tube",
        "model": {
          "type": "minecraft:model",
          "model": "minecraft:item/pepeland/goat_horn/cheering_tube/cheering_tube"
        }
      },
      {
        "when":  "sillyphone",
        "model": {
          "type": "minecraft:condition",
          "on_false": {
              "type": "minecraft:model",
              "model": "mrg:item/sillyphone"
          },
          "on_true": {
              "type": "minecraft:model",
              "model": "mrg:item/tooting_sillyphone"
          },
          "property": "minecraft:using_item"
        }
      }
    ]
  }
}


