{
  "model": {
    "type": "select",
    "property": "custom_model_data",
	"fallback": {
      "type": "minecraft:model",
      "model": "minecraft:item/honey_bottle"
    },
    "cases": [
	  {
        "when": "beer",
        "model": {
          "type": "minecraft:model",
          "model": "minecraft:item/pepeland/honey_bottle/part_1/beer/beer"
        }
      },
	  {
        "when": "vine",
        "model": {
          "type": "minecraft:model",
          "model": "minecraft:item/pepeland/honey_bottle/part_1/vine/vine"
        }
      }
    ]
  }
}