{ 
	"model": {
		"type": "minecraft:select",
		"property": "custom_model_data",
		"cases": [
			{
				"when": "supernova",
				"model": {
					"type": "minecraft:model",
					"model": "blincek:item/supernova"
				}
			}
		],
		"fallback": {
			"type": "minecraft:select",
			"cases": [
			{
				"model": {
				"type": "minecraft:model",
				"model": "minecraft:item/trident"
				},
				"when": [
				"gui",
				"ground",
				"fixed"
				]
			}
			],
			"fallback": {
			"type": "minecraft:condition",
			"on_false": {
				"type": "minecraft:special",
				"base": "minecraft:item/trident_in_hand",
				"model": {
				"type": "minecraft:trident"
				}
			},
			"on_true": {
				"type": "minecraft:special",
				"base": "minecraft:item/trident_throwing",
				"model": {
				"type": "minecraft:trident"
				}
			},
			"property": "minecraft:using_item"
			},
			"property": "minecraft:display_context"
		}
	}
}