{
	"credit": "Made with Blockbench",
	"texture_size": [32, 32],
	"textures": {
		"0": "item/pepeland/carved_pumpkin/part_1/snegurka/snegurka",
		"particle": "item/pepeland/carved_pumpkin/part_1/snegurka/snegurka"
	},
	"elements": [
		{
			"from": [3, 0, 3],
			"to": [13, 2, 13],
			"faces": {
				"north": {"uv": [9, 6, 14, 7], "texture": "#0"},
				"east": {"uv": [9, 7, 14, 8], "texture": "#0"},
				"south": {"uv": [0, 10, 5, 11], "texture": "#0"},
				"west": {"uv": [0, 11, 5, 12], "texture": "#0"},
				"up": {"uv": [5, 5, 0, 0], "texture": "#0"},
				"down": {"uv": [5, 5, 0, 10], "texture": "#0"}
			}
		},
		{
			"from": [5, 4, 5],
			"to": [11, 5, 11],
			"faces": {
				"north": {"uv": [12, 0.5, 15, 1], "texture": "#0"},
				"east": {"uv": [12, 1, 15, 1.5], "texture": "#0"},
				"south": {"uv": [12, 1.5, 15, 2], "texture": "#0"},
				"west": {"uv": [12, 2, 15, 2.5], "texture": "#0"},
				"up": {"uv": [12, 3, 9, 0], "texture": "#0"},
				"down": {"uv": [12, 3, 9, 6], "texture": "#0"}
			}
		},
		{
			"from": [4, 2, 4],
			"to": [12, 4, 12],
			"faces": {
				"north": {"uv": [5, 11, 9, 12], "texture": "#0"},
				"east": {"uv": [11, 8, 15, 9], "texture": "#0"},
				"south": {"uv": [9, 11, 13, 12], "texture": "#0"},
				"west": {"uv": [11, 9, 15, 10], "texture": "#0"},
				"up": {"uv": [9, 4, 5, 0], "texture": "#0"},
				"down": {"uv": [9, 4, 5, 8], "texture": "#0"}
			}
		}
	],
	"display": {
		"thirdperson_righthand": {
			"translation": [0, 3.75, 0],
			"scale": [0.5, 0.5, 0.5]
		},
		"thirdperson_lefthand": {
			"translation": [0, 3.75, 0],
			"scale": [0.5, 0.5, 0.5]
		},
		"firstperson_righthand": {
			"rotation": [0, 116, 0],
			"translation": [0, 8, 0]
		},
		"firstperson_lefthand": {
			"rotation": [0, 116, 0],
			"translation": [0, 8, 0]
		},
		"ground": {
			"scale": [0.5, 0.5, 0.5]
		},
		"gui": {
			"rotation": [29, -135, 0],
			"translation": [0, 4.25, 0]
		},
		"head": {
			"translation": [0, 16.75, 0],
			"scale": [1.63, 1.63, 1.63]
		},
		"fixed": {
			"rotation": [-90, 0, 0],
			"translation": [0, 0, -18.25],
			"scale": [2.28, 2.28, 2.28]
		}
	}
}